"name","fa","fab","fas","far","default","default_v4","default_v5"
"500px",TRUE,TRUE,FALSE,FALSE,"fab","fa","fab"
"accessible-icon",FALSE,TRUE,FALSE,FALSE,"fab",NA,"fab"
"accusoft",FALSE,TRUE,FALSE,FALSE,"fab",NA,"fab"
"acquisitions-incorporated",FALSE,TRUE,FALSE,FALSE,"fab",NA,"fab"
"ad",FALSE,FALSE,TRUE,FALSE,"fas",NA,"fas"
"address-book",FALSE,FALSE,TRUE,TRUE,"fas",NA,"fas"
"address-book-o",TRUE,FALSE,FALSE,FALSE,"fa","fa",NA
"address-card",FALSE,FALSE,TRUE,TRUE,"fas",NA,"fas"
"address-card-o",TRUE,FALSE,FALSE,FALSE,"fa","fa",NA
"adjust",FALSE,FALSE,TRUE,FALSE,"fas",NA,"fas"
"adn",TRUE,TRUE,FALSE,FALSE,"fab","fa","fab"
"adversal",FALSE,TRUE,FALSE,FALSE,"fab",NA,"fab"
"affiliatetheme",FALSE,TRUE,FALSE,FALSE,"fab",NA,"fab"
"air-freshener",FALSE,FALSE,TRUE,FALSE,"fas",NA,"fas"
"algolia",FALSE,TRUE,FALSE,FALSE,"fab",NA,"fab"
"align-center",FALSE,FALSE,TRUE,FALSE,"fas",NA,"fas"
"align-justify",FALSE,FALSE,TRUE,FALSE,"fas",NA,"fas"
"align-left",FALSE,FALSE,TRUE,FALSE,"fas",NA,"fas"
"align-right",FALSE,FALSE,TRUE,FALSE,"fas",NA,"fas"
"alipay",FALSE,TRUE,FALSE,FALSE,"fab",NA,"fab"
"allergies",FALSE,FALSE,TRUE,FALSE,"fas",NA,"fas"
"amazon",TRUE,TRUE,FALSE,FALSE,"fab","fa","fab"
"amazon-pay",FALSE,TRUE,FALSE,FALSE,"fab",NA,"fab"
"ambulance",FALSE,FALSE,TRUE,FALSE,"fas",NA,"fas"
"american-sign-language-interpreting",FALSE,FALSE,TRUE,FALSE,"fas",NA,"fas"
"amilia",FALSE,TRUE,FALSE,FALSE,"fab",NA,"fab"
"anchor",FALSE,FALSE,TRUE,FALSE,"fas",NA,"fas"
"android",TRUE,TRUE,FALSE,FALSE,"fab","fa","fab"
"angellist",TRUE,TRUE,FALSE,FALSE,"fab","fa","fab"
"angle-double-down",FALSE,FALSE,TRUE,FALSE,"fas",NA,"fas"
"angle-double-left",FALSE,FALSE,TRUE,FALSE,"fas",NA,"fas"
"angle-double-right",FALSE,FALSE,TRUE,FALSE,"fas",NA,"fas"
"angle-double-up",FALSE,FALSE,TRUE,FALSE,"fas",NA,"fas"
"angle-down",FALSE,FALSE,TRUE,FALSE,"fas",NA,"fas"
"angle-left",FALSE,FALSE,TRUE,FALSE,"fas",NA,"fas"
"angle-right",FALSE,FALSE,TRUE,FALSE,"fas",NA,"fas"
"angle-up",FALSE,FALSE,TRUE,FALSE,"fas",NA,"fas"
"angry",FALSE,FALSE,TRUE,TRUE,"fas",NA,"fas"
"angrycreative",FALSE,TRUE,FALSE,FALSE,"fab",NA,"fab"
"angular",FALSE,TRUE,FALSE,FALSE,"fab",NA,"fab"
"ankh",FALSE,FALSE,TRUE,FALSE,"fas",NA,"fas"
"app-store",FALSE,TRUE,FALSE,FALSE,"fab",NA,"fab"
"app-store-ios",FALSE,TRUE,FALSE,FALSE,"fab",NA,"fab"
"apper",FALSE,TRUE,FALSE,FALSE,"fab",NA,"fab"
"apple",TRUE,TRUE,FALSE,FALSE,"fab","fa","fab"
"apple-alt",FALSE,FALSE,TRUE,FALSE,"fas",NA,"fas"
"apple-pay",FALSE,TRUE,FALSE,FALSE,"fab",NA,"fab"
"archive",FALSE,FALSE,TRUE,FALSE,"fas",NA,"fas"
"archway",FALSE,FALSE,TRUE,FALSE,"fas",NA,"fas"
"area-chart",TRUE,FALSE,FALSE,FALSE,"fa","fa",NA
"arrow-alt-circle-down",FALSE,FALSE,TRUE,TRUE,"fas",NA,"fas"
"arrow-alt-circle-left",FALSE,FALSE,TRUE,TRUE,"fas",NA,"fas"
"arrow-alt-circle-right",FALSE,FALSE,TRUE,TRUE,"fas",NA,"fas"
"arrow-alt-circle-up",FALSE,FALSE,TRUE,TRUE,"fas",NA,"fas"
"arrow-circle-down",FALSE,FALSE,TRUE,FALSE,"fas",NA,"fas"
"arrow-circle-left",FALSE,FALSE,TRUE,FALSE,"fas",NA,"fas"
"arrow-circle-o-down",TRUE,FALSE,FALSE,FALSE,"fa","fa",NA
"arrow-circle-o-left",TRUE,FALSE,FALSE,FALSE,"fa","fa",NA
"arrow-circle-o-right",TRUE,FALSE,FALSE,FALSE,"fa","fa",NA
"arrow-circle-o-up",TRUE,FALSE,FALSE,FALSE,"fa","fa",NA
"arrow-circle-right",FALSE,FALSE,TRUE,FALSE,"fas",NA,"fas"
"arrow-circle-up",FALSE,FALSE,TRUE,FALSE,"fas",NA,"fas"
"arrow-down",FALSE,FALSE,TRUE,FALSE,"fas",NA,"fas"
"arrow-left",FALSE,FALSE,TRUE,FALSE,"fas",NA,"fas"
"arrow-right",FALSE,FALSE,TRUE,FALSE,"fas",NA,"fas"
"arrow-up",FALSE,FALSE,TRUE,FALSE,"fas",NA,"fas"
"arrows",TRUE,FALSE,FALSE,FALSE,"fa","fa",NA
"arrows-alt",TRUE,FALSE,TRUE,FALSE,"fas","fa","fas"
"arrows-alt-h",FALSE,FALSE,TRUE,FALSE,"fas",NA,"fas"
"arrows-alt-v",FALSE,FALSE,TRUE,FALSE,"fas",NA,"fas"
"arrows-h",TRUE,FALSE,FALSE,FALSE,"fa","fa",NA
"arrows-v",TRUE,FALSE,FALSE,FALSE,"fa","fa",NA
"asl-interpreting",TRUE,FALSE,FALSE,FALSE,"fa","fa",NA
"assistive-listening-systems",FALSE,FALSE,TRUE,FALSE,"fas",NA,"fas"
"asterisk",FALSE,FALSE,TRUE,FALSE,"fas",NA,"fas"
"asymmetrik",FALSE,TRUE,FALSE,FALSE,"fab",NA,"fab"
"at",FALSE,FALSE,TRUE,FALSE,"fas",NA,"fas"
"atlas",FALSE,FALSE,TRUE,FALSE,"fas",NA,"fas"
"atom",FALSE,FALSE,TRUE,FALSE,"fas",NA,"fas"
"audible",FALSE,TRUE,FALSE,FALSE,"fab",NA,"fab"
"audio-description",FALSE,FALSE,TRUE,FALSE,"fas",NA,"fas"
"automobile",TRUE,FALSE,FALSE,FALSE,"fa","fa",NA
"autoprefixer",FALSE,TRUE,FALSE,FALSE,"fab",NA,"fab"
"avianex",FALSE,TRUE,FALSE,FALSE,"fab",NA,"fab"
"aviato",FALSE,TRUE,FALSE,FALSE,"fab",NA,"fab"
"award",FALSE,FALSE,TRUE,FALSE,"fas",NA,"fas"
"aws",FALSE,TRUE,FALSE,FALSE,"fab",NA,"fab"
"backspace",FALSE,FALSE,TRUE,FALSE,"fas",NA,"fas"
"backward",FALSE,FALSE,TRUE,FALSE,"fas",NA,"fas"
"balance-scale",FALSE,FALSE,TRUE,FALSE,"fas",NA,"fas"
"ban",FALSE,FALSE,TRUE,FALSE,"fas",NA,"fas"
"band-aid",FALSE,FALSE,TRUE,FALSE,"fas",NA,"fas"
"bandcamp",TRUE,TRUE,FALSE,FALSE,"fab","fa","fab"
"bank",TRUE,FALSE,FALSE,FALSE,"fa","fa",NA
"bar-chart",TRUE,FALSE,FALSE,FALSE,"fa","fa",NA
"bar-chart-o",TRUE,FALSE,FALSE,FALSE,"fa","fa",NA
"barcode",FALSE,FALSE,TRUE,FALSE,"fas",NA,"fas"
"bars",FALSE,FALSE,TRUE,FALSE,"fas",NA,"fas"
"baseball-ball",FALSE,FALSE,TRUE,FALSE,"fas",NA,"fas"
"basketball-ball",FALSE,FALSE,TRUE,FALSE,"fas",NA,"fas"
"bath",FALSE,FALSE,TRUE,FALSE,"fas",NA,"fas"
"bathtub",TRUE,FALSE,FALSE,FALSE,"fa","fa",NA
"battery",TRUE,FALSE,FALSE,FALSE,"fa","fa",NA
"battery-0",TRUE,FALSE,FALSE,FALSE,"fa","fa",NA
"battery-1",TRUE,FALSE,FALSE,FALSE,"fa","fa",NA
"battery-2",TRUE,FALSE,FALSE,FALSE,"fa","fa",NA
"battery-3",TRUE,FALSE,FALSE,FALSE,"fa","fa",NA
"battery-4",TRUE,FALSE,FALSE,FALSE,"fa","fa",NA
"battery-empty",FALSE,FALSE,TRUE,FALSE,"fas",NA,"fas"
"battery-full",FALSE,FALSE,TRUE,FALSE,"fas",NA,"fas"
"battery-half",FALSE,FALSE,TRUE,FALSE,"fas",NA,"fas"
"battery-quarter",FALSE,FALSE,TRUE,FALSE,"fas",NA,"fas"
"battery-three-quarters",FALSE,FALSE,TRUE,FALSE,"fas",NA,"fas"
"bed",FALSE,FALSE,TRUE,FALSE,"fas",NA,"fas"
"beer",FALSE,FALSE,TRUE,FALSE,"fas",NA,"fas"
"behance",TRUE,TRUE,FALSE,FALSE,"fab","fa","fab"
"behance-square",TRUE,TRUE,FALSE,FALSE,"fab","fa","fab"
"bell",FALSE,FALSE,TRUE,TRUE,"fas",NA,"fas"
"bell-o",TRUE,FALSE,FALSE,FALSE,"fa","fa",NA
"bell-slash",FALSE,FALSE,TRUE,TRUE,"fas",NA,"fas"
"bell-slash-o",TRUE,FALSE,FALSE,FALSE,"fa","fa",NA
"bezier-curve",FALSE,FALSE,TRUE,FALSE,"fas",NA,"fas"
"bible",FALSE,FALSE,TRUE,FALSE,"fas",NA,"fas"
"bicycle",FALSE,FALSE,TRUE,FALSE,"fas",NA,"fas"
"bimobject",FALSE,TRUE,FALSE,FALSE,"fab",NA,"fab"
"binoculars",FALSE,FALSE,TRUE,FALSE,"fas",NA,"fas"
"birthday-cake",FALSE,FALSE,TRUE,FALSE,"fas",NA,"fas"
"bitbucket",TRUE,TRUE,FALSE,FALSE,"fab","fa","fab"
"bitbucket-square",TRUE,FALSE,FALSE,FALSE,"fa","fa",NA
"bitcoin",TRUE,TRUE,FALSE,FALSE,"fab","fa","fab"
"bity",FALSE,TRUE,FALSE,FALSE,"fab",NA,"fab"
"black-tie",TRUE,TRUE,FALSE,FALSE,"fab","fa","fab"
"blackberry",FALSE,TRUE,FALSE,FALSE,"fab",NA,"fab"
"blender",FALSE,FALSE,TRUE,FALSE,"fas",NA,"fas"
"blender-phone",FALSE,FALSE,TRUE,FALSE,"fas",NA,"fas"
"blind",FALSE,FALSE,TRUE,FALSE,"fas",NA,"fas"
"blogger",FALSE,TRUE,FALSE,FALSE,"fab",NA,"fab"
"blogger-b",FALSE,TRUE,FALSE,FALSE,"fab",NA,"fab"
"bluetooth",TRUE,TRUE,FALSE,FALSE,"fab","fa","fab"
"bluetooth-b",TRUE,TRUE,FALSE,FALSE,"fab","fa","fab"
"bold",FALSE,FALSE,TRUE,FALSE,"fas",NA,"fas"
"bolt",FALSE,FALSE,TRUE,FALSE,"fas",NA,"fas"
"bomb",FALSE,FALSE,TRUE,FALSE,"fas",NA,"fas"
"bone",FALSE,FALSE,TRUE,FALSE,"fas",NA,"fas"
"bong",FALSE,FALSE,TRUE,FALSE,"fas",NA,"fas"
"book",FALSE,FALSE,TRUE,FALSE,"fas",NA,"fas"
"book-dead",FALSE,FALSE,TRUE,FALSE,"fas",NA,"fas"
"book-open",FALSE,FALSE,TRUE,FALSE,"fas",NA,"fas"
"book-reader",FALSE,FALSE,TRUE,FALSE,"fas",NA,"fas"
"bookmark",FALSE,FALSE,TRUE,TRUE,"fas",NA,"fas"
"bookmark-o",TRUE,FALSE,FALSE,FALSE,"fa","fa",NA
"bowling-ball",FALSE,FALSE,TRUE,FALSE,"fas",NA,"fas"
"box",FALSE,FALSE,TRUE,FALSE,"fas",NA,"fas"
"box-open",FALSE,FALSE,TRUE,FALSE,"fas",NA,"fas"
"boxes",FALSE,FALSE,TRUE,FALSE,"fas",NA,"fas"
"braille",FALSE,FALSE,TRUE,FALSE,"fas",NA,"fas"
"brain",FALSE,FALSE,TRUE,FALSE,"fas",NA,"fas"
"briefcase",FALSE,FALSE,TRUE,FALSE,"fas",NA,"fas"
"briefcase-medical",FALSE,FALSE,TRUE,FALSE,"fas",NA,"fas"
"broadcast-tower",FALSE,FALSE,TRUE,FALSE,"fas",NA,"fas"
"broom",FALSE,FALSE,TRUE,FALSE,"fas",NA,"fas"
"brush",FALSE,FALSE,TRUE,FALSE,"fas",NA,"fas"
"btc",TRUE,TRUE,FALSE,FALSE,"fab","fa","fab"
"bug",FALSE,FALSE,TRUE,FALSE,"fas",NA,"fas"
"building",FALSE,FALSE,TRUE,TRUE,"fas",NA,"fas"
"building-o",TRUE,FALSE,FALSE,FALSE,"fa","fa",NA
"bullhorn",FALSE,FALSE,TRUE,FALSE,"fas",NA,"fas"
"bullseye",FALSE,FALSE,TRUE,FALSE,"fas",NA,"fas"
"burn",FALSE,FALSE,TRUE,FALSE,"fas",NA,"fas"
"buromobelexperte",FALSE,TRUE,FALSE,FALSE,"fab",NA,"fab"
"bus",FALSE,FALSE,TRUE,FALSE,"fas",NA,"fas"
"bus-alt",FALSE,FALSE,TRUE,FALSE,"fas",NA,"fas"
"business-time",FALSE,FALSE,TRUE,FALSE,"fas",NA,"fas"
"buysellads",TRUE,TRUE,FALSE,FALSE,"fab","fa","fab"
"cab",TRUE,FALSE,FALSE,FALSE,"fa","fa",NA
"calculator",FALSE,FALSE,TRUE,FALSE,"fas",NA,"fas"
"calendar",TRUE,FALSE,TRUE,TRUE,"fas","fa","fas"
"calendar-alt",FALSE,FALSE,TRUE,TRUE,"fas",NA,"fas"
"calendar-check",FALSE,FALSE,TRUE,TRUE,"fas",NA,"fas"
"calendar-check-o",TRUE,FALSE,FALSE,FALSE,"fa","fa",NA
"calendar-minus",FALSE,FALSE,TRUE,TRUE,"fas",NA,"fas"
"calendar-minus-o",TRUE,FALSE,FALSE,FALSE,"fa","fa",NA
"calendar-o",TRUE,FALSE,FALSE,FALSE,"fa","fa",NA
"calendar-plus",FALSE,FALSE,TRUE,TRUE,"fas",NA,"fas"
"calendar-plus-o",TRUE,FALSE,FALSE,FALSE,"fa","fa",NA
"calendar-times",FALSE,FALSE,TRUE,TRUE,"fas",NA,"fas"
"calendar-times-o",TRUE,FALSE,FALSE,FALSE,"fa","fa",NA
"camera",FALSE,FALSE,TRUE,FALSE,"fas",NA,"fas"
"camera-retro",FALSE,FALSE,TRUE,FALSE,"fas",NA,"fas"
"campground",FALSE,FALSE,TRUE,FALSE,"fas",NA,"fas"
"cannabis",FALSE,FALSE,TRUE,FALSE,"fas",NA,"fas"
"capsules",FALSE,FALSE,TRUE,FALSE,"fas",NA,"fas"
"car",FALSE,FALSE,TRUE,FALSE,"fas",NA,"fas"
"car-alt",FALSE,FALSE,TRUE,FALSE,"fas",NA,"fas"
"car-battery",FALSE,FALSE,TRUE,FALSE,"fas",NA,"fas"
"car-crash",FALSE,FALSE,TRUE,FALSE,"fas",NA,"fas"
"car-side",FALSE,FALSE,TRUE,FALSE,"fas",NA,"fas"
"caret-down",FALSE,FALSE,TRUE,FALSE,"fas",NA,"fas"
"caret-left",FALSE,FALSE,TRUE,FALSE,"fas",NA,"fas"
"caret-right",FALSE,FALSE,TRUE,FALSE,"fas",NA,"fas"
"caret-square-down",FALSE,FALSE,TRUE,TRUE,"fas",NA,"fas"
"caret-square-left",FALSE,FALSE,TRUE,TRUE,"fas",NA,"fas"
"caret-square-o-down",TRUE,FALSE,FALSE,FALSE,"fa","fa",NA
"caret-square-o-left",TRUE,FALSE,FALSE,FALSE,"fa","fa",NA
"caret-square-o-right",TRUE,FALSE,FALSE,FALSE,"fa","fa",NA
"caret-square-o-up",TRUE,FALSE,FALSE,FALSE,"fa","fa",NA
"caret-square-right",FALSE,FALSE,TRUE,TRUE,"fas",NA,"fas"
"caret-square-up",FALSE,FALSE,TRUE,TRUE,"fas",NA,"fas"
"caret-up",FALSE,FALSE,TRUE,FALSE,"fas",NA,"fas"
"cart-arrow-down",FALSE,FALSE,TRUE,FALSE,"fas",NA,"fas"
"cart-plus",FALSE,FALSE,TRUE,FALSE,"fas",NA,"fas"
"cat",FALSE,FALSE,TRUE,FALSE,"fas",NA,"fas"
"cc",TRUE,FALSE,FALSE,FALSE,"fa","fa",NA
"cc-amazon-pay",FALSE,TRUE,FALSE,FALSE,"fab",NA,"fab"
"cc-amex",TRUE,TRUE,FALSE,FALSE,"fab","fa","fab"
"cc-apple-pay",FALSE,TRUE,FALSE,FALSE,"fab",NA,"fab"
"cc-diners-club",TRUE,TRUE,FALSE,FALSE,"fab","fa","fab"
"cc-discover",TRUE,TRUE,FALSE,FALSE,"fab","fa","fab"
"cc-jcb",TRUE,TRUE,FALSE,FALSE,"fab","fa","fab"
"cc-mastercard",TRUE,TRUE,FALSE,FALSE,"fab","fa","fab"
"cc-paypal",TRUE,TRUE,FALSE,FALSE,"fab","fa","fab"
"cc-stripe",TRUE,TRUE,FALSE,FALSE,"fab","fa","fab"
"cc-visa",TRUE,TRUE,FALSE,FALSE,"fab","fa","fab"
"centercode",FALSE,TRUE,FALSE,FALSE,"fab",NA,"fab"
"certificate",FALSE,FALSE,TRUE,FALSE,"fas",NA,"fas"
"chain",TRUE,FALSE,FALSE,FALSE,"fa","fa",NA
"chain-broken",TRUE,FALSE,FALSE,FALSE,"fa","fa",NA
"chair",FALSE,FALSE,TRUE,FALSE,"fas",NA,"fas"
"chalkboard",FALSE,FALSE,TRUE,FALSE,"fas",NA,"fas"
"chalkboard-teacher",FALSE,FALSE,TRUE,FALSE,"fas",NA,"fas"
"charging-station",FALSE,FALSE,TRUE,FALSE,"fas",NA,"fas"
"chart-area",FALSE,FALSE,TRUE,FALSE,"fas",NA,"fas"
"chart-bar",FALSE,FALSE,TRUE,TRUE,"fas",NA,"fas"
"chart-line",FALSE,FALSE,TRUE,FALSE,"fas",NA,"fas"
"chart-pie",FALSE,FALSE,TRUE,FALSE,"fas",NA,"fas"
"check",FALSE,FALSE,TRUE,FALSE,"fas",NA,"fas"
"check-circle",FALSE,FALSE,TRUE,TRUE,"fas",NA,"fas"
"check-circle-o",TRUE,FALSE,FALSE,FALSE,"fa","fa",NA
"check-double",FALSE,FALSE,TRUE,FALSE,"fas",NA,"fas"
"check-square",FALSE,FALSE,TRUE,TRUE,"fas",NA,"fas"
"check-square-o",TRUE,FALSE,FALSE,FALSE,"fa","fa",NA
"chess",FALSE,FALSE,TRUE,FALSE,"fas",NA,"fas"
"chess-bishop",FALSE,FALSE,TRUE,FALSE,"fas",NA,"fas"
"chess-board",FALSE,FALSE,TRUE,FALSE,"fas",NA,"fas"
"chess-king",FALSE,FALSE,TRUE,FALSE,"fas",NA,"fas"
"chess-knight",FALSE,FALSE,TRUE,FALSE,"fas",NA,"fas"
"chess-pawn",FALSE,FALSE,TRUE,FALSE,"fas",NA,"fas"
"chess-queen",FALSE,FALSE,TRUE,FALSE,"fas",NA,"fas"
"chess-rook",FALSE,FALSE,TRUE,FALSE,"fas",NA,"fas"
"chevron-circle-down",FALSE,FALSE,TRUE,FALSE,"fas",NA,"fas"
"chevron-circle-left",FALSE,FALSE,TRUE,FALSE,"fas",NA,"fas"
"chevron-circle-right",FALSE,FALSE,TRUE,FALSE,"fas",NA,"fas"
"chevron-circle-up",FALSE,FALSE,TRUE,FALSE,"fas",NA,"fas"
"chevron-down",FALSE,FALSE,TRUE,FALSE,"fas",NA,"fas"
"chevron-left",FALSE,FALSE,TRUE,FALSE,"fas",NA,"fas"
"chevron-right",FALSE,FALSE,TRUE,FALSE,"fas",NA,"fas"
"chevron-up",FALSE,FALSE,TRUE,FALSE,"fas",NA,"fas"
"child",FALSE,FALSE,TRUE,FALSE,"fas",NA,"fas"
"chrome",TRUE,TRUE,FALSE,FALSE,"fab","fa","fab"
"church",FALSE,FALSE,TRUE,FALSE,"fas",NA,"fas"
"circle",FALSE,FALSE,TRUE,TRUE,"fas",NA,"fas"
"circle-notch",FALSE,FALSE,TRUE,FALSE,"fas",NA,"fas"
"circle-o",TRUE,FALSE,FALSE,FALSE,"fa","fa",NA
"circle-o-notch",TRUE,FALSE,FALSE,FALSE,"fa","fa",NA
"circle-thin",TRUE,FALSE,FALSE,FALSE,"fa","fa",NA
"city",FALSE,FALSE,TRUE,FALSE,"fas",NA,"fas"
"clipboard",TRUE,FALSE,TRUE,TRUE,"fas","fa","fas"
"clipboard-check",FALSE,FALSE,TRUE,FALSE,"fas",NA,"fas"
"clipboard-list",FALSE,FALSE,TRUE,FALSE,"fas",NA,"fas"
"clock",FALSE,FALSE,TRUE,TRUE,"fas",NA,"fas"
"clock-o",TRUE,FALSE,FALSE,FALSE,"fa","fa",NA
"clone",TRUE,FALSE,TRUE,TRUE,"fas","fa","fas"
"close",TRUE,FALSE,FALSE,FALSE,"fa","fa",NA
"closed-captioning",FALSE,FALSE,TRUE,TRUE,"fas",NA,"fas"
"cloud",FALSE,FALSE,TRUE,FALSE,"fas",NA,"fas"
"cloud-download",TRUE,FALSE,FALSE,FALSE,"fa","fa",NA
"cloud-download-alt",FALSE,FALSE,TRUE,FALSE,"fas",NA,"fas"
"cloud-moon",FALSE,FALSE,TRUE,FALSE,"fas",NA,"fas"
"cloud-sun",FALSE,FALSE,TRUE,FALSE,"fas",NA,"fas"
"cloud-upload",TRUE,FALSE,FALSE,FALSE,"fa","fa",NA
"cloud-upload-alt",FALSE,FALSE,TRUE,FALSE,"fas",NA,"fas"
"cloudscale",FALSE,TRUE,FALSE,FALSE,"fab",NA,"fab"
"cloudsmith",FALSE,TRUE,FALSE,FALSE,"fab",NA,"fab"
"cloudversify",FALSE,TRUE,FALSE,FALSE,"fab",NA,"fab"
"cny",TRUE,FALSE,FALSE,FALSE,"fa","fa",NA
"cocktail",FALSE,FALSE,TRUE,FALSE,"fas",NA,"fas"
"code",FALSE,FALSE,TRUE,FALSE,"fas",NA,"fas"
"code-branch",FALSE,FALSE,TRUE,FALSE,"fas",NA,"fas"
"code-fork",TRUE,FALSE,FALSE,FALSE,"fa","fa",NA
"codepen",TRUE,TRUE,FALSE,FALSE,"fab","fa","fab"
"codiepie",TRUE,TRUE,FALSE,FALSE,"fab","fa","fab"
"coffee",FALSE,FALSE,TRUE,FALSE,"fas",NA,"fas"
"cog",FALSE,FALSE,TRUE,FALSE,"fas",NA,"fas"
"cogs",FALSE,FALSE,TRUE,FALSE,"fas",NA,"fas"
"coins",FALSE,FALSE,TRUE,FALSE,"fas",NA,"fas"
"columns",FALSE,FALSE,TRUE,FALSE,"fas",NA,"fas"
"comment",FALSE,FALSE,TRUE,TRUE,"fas",NA,"fas"
"comment-alt",FALSE,FALSE,TRUE,TRUE,"fas",NA,"fas"
"comment-dollar",FALSE,FALSE,TRUE,FALSE,"fas",NA,"fas"
"comment-dots",FALSE,FALSE,TRUE,TRUE,"fas",NA,"fas"
"comment-o",TRUE,FALSE,FALSE,FALSE,"fa","fa",NA
"comment-slash",FALSE,FALSE,TRUE,FALSE,"fas",NA,"fas"
"commenting",TRUE,FALSE,FALSE,FALSE,"fa","fa",NA
"commenting-o",TRUE,FALSE,FALSE,FALSE,"fa","fa",NA
"comments",FALSE,FALSE,TRUE,TRUE,"fas",NA,"fas"
"comments-dollar",FALSE,FALSE,TRUE,FALSE,"fas",NA,"fas"
"comments-o",TRUE,FALSE,FALSE,FALSE,"fa","fa",NA
"compact-disc",FALSE,FALSE,TRUE,FALSE,"fas",NA,"fas"
"compass",TRUE,FALSE,TRUE,TRUE,"fas","fa","fas"
"compress",FALSE,FALSE,TRUE,FALSE,"fas",NA,"fas"
"concierge-bell",FALSE,FALSE,TRUE,FALSE,"fas",NA,"fas"
"connectdevelop",TRUE,TRUE,FALSE,FALSE,"fab","fa","fab"
"contao",TRUE,TRUE,FALSE,FALSE,"fab","fa","fab"
"cookie",FALSE,FALSE,TRUE,FALSE,"fas",NA,"fas"
"cookie-bite",FALSE,FALSE,TRUE,FALSE,"fas",NA,"fas"
"copy",FALSE,FALSE,TRUE,TRUE,"fas",NA,"fas"
"copyright",TRUE,FALSE,TRUE,TRUE,"fas","fa","fas"
"couch",FALSE,FALSE,TRUE,FALSE,"fas",NA,"fas"
"cpanel",FALSE,TRUE,FALSE,FALSE,"fab",NA,"fab"
"creative-commons",TRUE,TRUE,FALSE,FALSE,"fab","fa","fab"
"creative-commons-by",FALSE,TRUE,FALSE,FALSE,"fab",NA,"fab"
"creative-commons-nc",FALSE,TRUE,FALSE,FALSE,"fab",NA,"fab"
"creative-commons-nc-eu",FALSE,TRUE,FALSE,FALSE,"fab",NA,"fab"
"creative-commons-nc-jp",FALSE,TRUE,FALSE,FALSE,"fab",NA,"fab"
"creative-commons-nd",FALSE,TRUE,FALSE,FALSE,"fab",NA,"fab"
"creative-commons-pd",FALSE,TRUE,FALSE,FALSE,"fab",NA,"fab"
"creative-commons-pd-alt",FALSE,TRUE,FALSE,FALSE,"fab",NA,"fab"
"creative-commons-remix",FALSE,TRUE,FALSE,FALSE,"fab",NA,"fab"
"creative-commons-sa",FALSE,TRUE,FALSE,FALSE,"fab",NA,"fab"
"creative-commons-sampling",FALSE,TRUE,FALSE,FALSE,"fab",NA,"fab"
"creative-commons-sampling-plus",FALSE,TRUE,FALSE,FALSE,"fab",NA,"fab"
"creative-commons-share",FALSE,TRUE,FALSE,FALSE,"fab",NA,"fab"
"creative-commons-zero",FALSE,TRUE,FALSE,FALSE,"fab",NA,"fab"
"credit-card",TRUE,FALSE,TRUE,TRUE,"fas","fa","fas"
"credit-card-alt",TRUE,FALSE,FALSE,FALSE,"fa","fa",NA
"critical-role",FALSE,TRUE,FALSE,FALSE,"fab",NA,"fab"
"crop",FALSE,FALSE,TRUE,FALSE,"fas",NA,"fas"
"crop-alt",FALSE,FALSE,TRUE,FALSE,"fas",NA,"fas"
"cross",FALSE,FALSE,TRUE,FALSE,"fas",NA,"fas"
"crosshairs",FALSE,FALSE,TRUE,FALSE,"fas",NA,"fas"
"crow",FALSE,FALSE,TRUE,FALSE,"fas",NA,"fas"
"crown",FALSE,FALSE,TRUE,FALSE,"fas",NA,"fas"
"css3",TRUE,TRUE,FALSE,FALSE,"fab","fa","fab"
"css3-alt",FALSE,TRUE,FALSE,FALSE,"fab",NA,"fab"
"cube",FALSE,FALSE,TRUE,FALSE,"fas",NA,"fas"
"cubes",FALSE,FALSE,TRUE,FALSE,"fas",NA,"fas"
"cut",FALSE,FALSE,TRUE,FALSE,"fas",NA,"fas"
"cutlery",TRUE,FALSE,FALSE,FALSE,"fa","fa",NA
"cuttlefish",FALSE,TRUE,FALSE,FALSE,"fab",NA,"fab"
"d-and-d",FALSE,TRUE,FALSE,FALSE,"fab",NA,"fab"
"dashboard",TRUE,FALSE,FALSE,FALSE,"fa","fa",NA
"dashcube",TRUE,TRUE,FALSE,FALSE,"fab","fa","fab"
"database",FALSE,FALSE,TRUE,FALSE,"fas",NA,"fas"
"deaf",FALSE,FALSE,TRUE,FALSE,"fas",NA,"fas"
"deafness",TRUE,FALSE,FALSE,FALSE,"fa","fa",NA
"dedent",TRUE,FALSE,FALSE,FALSE,"fa","fa",NA
"delicious",TRUE,TRUE,FALSE,FALSE,"fab","fa","fab"
"deploydog",FALSE,TRUE,FALSE,FALSE,"fab",NA,"fab"
"deskpro",FALSE,TRUE,FALSE,FALSE,"fab",NA,"fab"
"desktop",FALSE,FALSE,TRUE,FALSE,"fas",NA,"fas"
"dev",FALSE,TRUE,FALSE,FALSE,"fab",NA,"fab"
"deviantart",TRUE,TRUE,FALSE,FALSE,"fab","fa","fab"
"dharmachakra",FALSE,FALSE,TRUE,FALSE,"fas",NA,"fas"
"diagnoses",FALSE,FALSE,TRUE,FALSE,"fas",NA,"fas"
"diamond",TRUE,FALSE,FALSE,FALSE,"fa","fa",NA
"dice",FALSE,FALSE,TRUE,FALSE,"fas",NA,"fas"
"dice-d20",FALSE,FALSE,TRUE,FALSE,"fas",NA,"fas"
"dice-d6",FALSE,FALSE,TRUE,FALSE,"fas",NA,"fas"
"dice-five",FALSE,FALSE,TRUE,FALSE,"fas",NA,"fas"
"dice-four",FALSE,FALSE,TRUE,FALSE,"fas",NA,"fas"
"dice-one",FALSE,FALSE,TRUE,FALSE,"fas",NA,"fas"
"dice-six",FALSE,FALSE,TRUE,FALSE,"fas",NA,"fas"
"dice-three",FALSE,FALSE,TRUE,FALSE,"fas",NA,"fas"
"dice-two",FALSE,FALSE,TRUE,FALSE,"fas",NA,"fas"
"digg",TRUE,TRUE,FALSE,FALSE,"fab","fa","fab"
"digital-ocean",FALSE,TRUE,FALSE,FALSE,"fab",NA,"fab"
"digital-tachograph",FALSE,FALSE,TRUE,FALSE,"fas",NA,"fas"
"directions",FALSE,FALSE,TRUE,FALSE,"fas",NA,"fas"
"discord",FALSE,TRUE,FALSE,FALSE,"fab",NA,"fab"
"discourse",FALSE,TRUE,FALSE,FALSE,"fab",NA,"fab"
"divide",FALSE,FALSE,TRUE,FALSE,"fas",NA,"fas"
"dizzy",FALSE,FALSE,TRUE,TRUE,"fas",NA,"fas"
"dna",FALSE,FALSE,TRUE,FALSE,"fas",NA,"fas"
"dochub",FALSE,TRUE,FALSE,FALSE,"fab",NA,"fab"
"docker",FALSE,TRUE,FALSE,FALSE,"fab",NA,"fab"
"dog",FALSE,FALSE,TRUE,FALSE,"fas",NA,"fas"
"dollar",TRUE,FALSE,FALSE,FALSE,"fa","fa",NA
"dollar-sign",FALSE,FALSE,TRUE,FALSE,"fas",NA,"fas"
"dolly",FALSE,FALSE,TRUE,FALSE,"fas",NA,"fas"
"dolly-flatbed",FALSE,FALSE,TRUE,FALSE,"fas",NA,"fas"
"donate",FALSE,FALSE,TRUE,FALSE,"fas",NA,"fas"
"door-closed",FALSE,FALSE,TRUE,FALSE,"fas",NA,"fas"
"door-open",FALSE,FALSE,TRUE,FALSE,"fas",NA,"fas"
"dot-circle",FALSE,FALSE,TRUE,TRUE,"fas",NA,"fas"
"dot-circle-o",TRUE,FALSE,FALSE,FALSE,"fa","fa",NA
"dove",FALSE,FALSE,TRUE,FALSE,"fas",NA,"fas"
"download",FALSE,FALSE,TRUE,FALSE,"fas",NA,"fas"
"draft2digital",FALSE,TRUE,FALSE,FALSE,"fab",NA,"fab"
"drafting-compass",FALSE,FALSE,TRUE,FALSE,"fas",NA,"fas"
"dragon",FALSE,FALSE,TRUE,FALSE,"fas",NA,"fas"
"draw-polygon",FALSE,FALSE,TRUE,FALSE,"fas",NA,"fas"
"dribbble",TRUE,TRUE,FALSE,FALSE,"fab","fa","fab"
"dribbble-square",FALSE,TRUE,FALSE,FALSE,"fab",NA,"fab"
"drivers-license",TRUE,FALSE,FALSE,FALSE,"fa","fa",NA
"drivers-license-o",TRUE,FALSE,FALSE,FALSE,"fa","fa",NA
"dropbox",TRUE,TRUE,FALSE,FALSE,"fab","fa","fab"
"drum",FALSE,FALSE,TRUE,FALSE,"fas",NA,"fas"
"drum-steelpan",FALSE,FALSE,TRUE,FALSE,"fas",NA,"fas"
"drumstick-bite",FALSE,FALSE,TRUE,FALSE,"fas",NA,"fas"
"drupal",TRUE,TRUE,FALSE,FALSE,"fab","fa","fab"
"dumbbell",FALSE,FALSE,TRUE,FALSE,"fas",NA,"fas"
"dungeon",FALSE,FALSE,TRUE,FALSE,"fas",NA,"fas"
"dyalog",FALSE,TRUE,FALSE,FALSE,"fab",NA,"fab"
"earlybirds",FALSE,TRUE,FALSE,FALSE,"fab",NA,"fab"
"ebay",FALSE,TRUE,FALSE,FALSE,"fab",NA,"fab"
"edge",TRUE,TRUE,FALSE,FALSE,"fab","fa","fab"
"edit",FALSE,FALSE,TRUE,TRUE,"fas",NA,"fas"
"eercast",TRUE,FALSE,FALSE,FALSE,"fa","fa",NA
"eject",FALSE,FALSE,TRUE,FALSE,"fas",NA,"fas"
"elementor",FALSE,TRUE,FALSE,FALSE,"fab",NA,"fab"
"ellipsis-h",FALSE,FALSE,TRUE,FALSE,"fas",NA,"fas"
"ellipsis-v",FALSE,FALSE,TRUE,FALSE,"fas",NA,"fas"
"ello",FALSE,TRUE,FALSE,FALSE,"fab",NA,"fab"
"ember",FALSE,TRUE,FALSE,FALSE,"fab",NA,"fab"
"empire",TRUE,TRUE,FALSE,FALSE,"fab","fa","fab"
"envelope",FALSE,FALSE,TRUE,TRUE,"fas",NA,"fas"
"envelope-o",TRUE,FALSE,FALSE,FALSE,"fa","fa",NA
"envelope-open",FALSE,FALSE,TRUE,TRUE,"fas",NA,"fas"
"envelope-open-o",TRUE,FALSE,FALSE,FALSE,"fa","fa",NA
"envelope-open-text",FALSE,FALSE,TRUE,FALSE,"fas",NA,"fas"
"envelope-square",FALSE,FALSE,TRUE,FALSE,"fas",NA,"fas"
"envira",TRUE,TRUE,FALSE,FALSE,"fab","fa","fab"
"equals",FALSE,FALSE,TRUE,FALSE,"fas",NA,"fas"
"eraser",FALSE,FALSE,TRUE,FALSE,"fas",NA,"fas"
"erlang",FALSE,TRUE,FALSE,FALSE,"fab",NA,"fab"
"ethereum",FALSE,TRUE,FALSE,FALSE,"fab",NA,"fab"
"etsy",TRUE,TRUE,FALSE,FALSE,"fab","fa","fab"
"eur",TRUE,FALSE,FALSE,FALSE,"fa","fa",NA
"euro",TRUE,FALSE,FALSE,FALSE,"fa","fa",NA
"euro-sign",FALSE,FALSE,TRUE,FALSE,"fas",NA,"fas"
"exchange",TRUE,FALSE,FALSE,FALSE,"fa","fa",NA
"exchange-alt",FALSE,FALSE,TRUE,FALSE,"fas",NA,"fas"
"exclamation",FALSE,FALSE,TRUE,FALSE,"fas",NA,"fas"
"exclamation-circle",FALSE,FALSE,TRUE,FALSE,"fas",NA,"fas"
"exclamation-triangle",FALSE,FALSE,TRUE,FALSE,"fas",NA,"fas"
"expand",FALSE,FALSE,TRUE,FALSE,"fas",NA,"fas"
"expand-arrows-alt",FALSE,FALSE,TRUE,FALSE,"fas",NA,"fas"
"expeditedssl",TRUE,TRUE,FALSE,FALSE,"fab","fa","fab"
"external-link",TRUE,FALSE,FALSE,FALSE,"fa","fa",NA
"external-link-alt",FALSE,FALSE,TRUE,FALSE,"fas",NA,"fas"
"external-link-square",TRUE,FALSE,FALSE,FALSE,"fa","fa",NA
"external-link-square-alt",FALSE,FALSE,TRUE,FALSE,"fas",NA,"fas"
"eye",TRUE,FALSE,TRUE,TRUE,"fas","fa","fas"
"eye-dropper",FALSE,FALSE,TRUE,FALSE,"fas",NA,"fas"
"eye-slash",TRUE,FALSE,TRUE,TRUE,"fas","fa","fas"
"eyedropper",TRUE,FALSE,FALSE,FALSE,"fa","fa",NA
"fa",TRUE,FALSE,FALSE,FALSE,"fa","fa",NA
"facebook",TRUE,TRUE,FALSE,FALSE,"fab","fa","fab"
"facebook-f",TRUE,TRUE,FALSE,FALSE,"fab","fa","fab"
"facebook-messenger",FALSE,TRUE,FALSE,FALSE,"fab",NA,"fab"
"facebook-official",TRUE,FALSE,FALSE,FALSE,"fa","fa",NA
"facebook-square",TRUE,TRUE,FALSE,FALSE,"fab","fa","fab"
"fantasy-flight-games",FALSE,TRUE,FALSE,FALSE,"fab",NA,"fab"
"fast-backward",FALSE,FALSE,TRUE,FALSE,"fas",NA,"fas"
"fast-forward",FALSE,FALSE,TRUE,FALSE,"fas",NA,"fas"
"fax",FALSE,FALSE,TRUE,FALSE,"fas",NA,"fas"
"feather",FALSE,FALSE,TRUE,FALSE,"fas",NA,"fas"
"feather-alt",FALSE,FALSE,TRUE,FALSE,"fas",NA,"fas"
"feed",TRUE,FALSE,FALSE,FALSE,"fa","fa",NA
"female",FALSE,FALSE,TRUE,FALSE,"fas",NA,"fas"
"fighter-jet",FALSE,FALSE,TRUE,FALSE,"fas",NA,"fas"
"file",FALSE,FALSE,TRUE,TRUE,"fas",NA,"fas"
"file-alt",FALSE,FALSE,TRUE,TRUE,"fas",NA,"fas"
"file-archive",FALSE,FALSE,TRUE,TRUE,"fas",NA,"fas"
"file-archive-o",TRUE,FALSE,FALSE,FALSE,"fa","fa",NA
"file-audio",FALSE,FALSE,TRUE,TRUE,"fas",NA,"fas"
"file-audio-o",TRUE,FALSE,FALSE,FALSE,"fa","fa",NA
"file-code",FALSE,FALSE,TRUE,TRUE,"fas",NA,"fas"
"file-code-o",TRUE,FALSE,FALSE,FALSE,"fa","fa",NA
"file-contract",FALSE,FALSE,TRUE,FALSE,"fas",NA,"fas"
"file-csv",FALSE,FALSE,TRUE,FALSE,"fas",NA,"fas"
"file-download",FALSE,FALSE,TRUE,FALSE,"fas",NA,"fas"
"file-excel",FALSE,FALSE,TRUE,TRUE,"fas",NA,"fas"
"file-excel-o",TRUE,FALSE,FALSE,FALSE,"fa","fa",NA
"file-export",FALSE,FALSE,TRUE,FALSE,"fas",NA,"fas"
"file-image",FALSE,FALSE,TRUE,TRUE,"fas",NA,"fas"
"file-image-o",TRUE,FALSE,FALSE,FALSE,"fa","fa",NA
"file-import",FALSE,FALSE,TRUE,FALSE,"fas",NA,"fas"
"file-invoice",FALSE,FALSE,TRUE,FALSE,"fas",NA,"fas"
"file-invoice-dollar",FALSE,FALSE,TRUE,FALSE,"fas",NA,"fas"
"file-medical",FALSE,FALSE,TRUE,FALSE,"fas",NA,"fas"
"file-medical-alt",FALSE,FALSE,TRUE,FALSE,"fas",NA,"fas"
"file-movie-o",TRUE,FALSE,FALSE,FALSE,"fa","fa",NA
"file-o",TRUE,FALSE,FALSE,FALSE,"fa","fa",NA
"file-pdf",FALSE,FALSE,TRUE,TRUE,"fas",NA,"fas"
"file-pdf-o",TRUE,FALSE,FALSE,FALSE,"fa","fa",NA
"file-photo-o",TRUE,FALSE,FALSE,FALSE,"fa","fa",NA
"file-picture-o",TRUE,FALSE,FALSE,FALSE,"fa","fa",NA
"file-powerpoint",FALSE,FALSE,TRUE,TRUE,"fas",NA,"fas"
"file-powerpoint-o",TRUE,FALSE,FALSE,FALSE,"fa","fa",NA
"file-prescription",FALSE,FALSE,TRUE,FALSE,"fas",NA,"fas"
"file-signature",FALSE,FALSE,TRUE,FALSE,"fas",NA,"fas"
"file-sound-o",TRUE,FALSE,FALSE,FALSE,"fa","fa",NA
"file-text",TRUE,FALSE,FALSE,FALSE,"fa","fa",NA
"file-text-o",TRUE,FALSE,FALSE,FALSE,"fa","fa",NA
"file-upload",FALSE,FALSE,TRUE,FALSE,"fas",NA,"fas"
"file-video",FALSE,FALSE,TRUE,TRUE,"fas",NA,"fas"
"file-video-o",TRUE,FALSE,FALSE,FALSE,"fa","fa",NA
"file-word",FALSE,FALSE,TRUE,TRUE,"fas",NA,"fas"
"file-word-o",TRUE,FALSE,FALSE,FALSE,"fa","fa",NA
"file-zip-o",TRUE,FALSE,FALSE,FALSE,"fa","fa",NA
"files-o",TRUE,FALSE,FALSE,FALSE,"fa","fa",NA
"fill",FALSE,FALSE,TRUE,FALSE,"fas",NA,"fas"
"fill-drip",FALSE,FALSE,TRUE,FALSE,"fas",NA,"fas"
"film",FALSE,FALSE,TRUE,FALSE,"fas",NA,"fas"
"filter",FALSE,FALSE,TRUE,FALSE,"fas",NA,"fas"
"fingerprint",FALSE,FALSE,TRUE,FALSE,"fas",NA,"fas"
"fire",FALSE,FALSE,TRUE,FALSE,"fas",NA,"fas"
"fire-extinguisher",FALSE,FALSE,TRUE,FALSE,"fas",NA,"fas"
"firefox",TRUE,TRUE,FALSE,FALSE,"fab","fa","fab"
"first-aid",FALSE,FALSE,TRUE,FALSE,"fas",NA,"fas"
"first-order",TRUE,TRUE,FALSE,FALSE,"fab","fa","fab"
"first-order-alt",FALSE,TRUE,FALSE,FALSE,"fab",NA,"fab"
"firstdraft",FALSE,TRUE,FALSE,FALSE,"fab",NA,"fab"
"fish",FALSE,FALSE,TRUE,FALSE,"fas",NA,"fas"
"fist-raised",FALSE,FALSE,TRUE,FALSE,"fas",NA,"fas"
"flag",FALSE,FALSE,TRUE,TRUE,"fas",NA,"fas"
"flag-checkered",FALSE,FALSE,TRUE,FALSE,"fas",NA,"fas"
"flag-o",TRUE,FALSE,FALSE,FALSE,"fa","fa",NA
"flash",TRUE,FALSE,FALSE,FALSE,"fa","fa",NA
"flask",FALSE,FALSE,TRUE,FALSE,"fas",NA,"fas"
"flickr",TRUE,TRUE,FALSE,FALSE,"fab","fa","fab"
"flipboard",FALSE,TRUE,FALSE,FALSE,"fab",NA,"fab"
"floppy-o",TRUE,FALSE,FALSE,FALSE,"fa","fa",NA
"flushed",FALSE,FALSE,TRUE,TRUE,"fas",NA,"fas"
"fly",FALSE,TRUE,FALSE,FALSE,"fab",NA,"fab"
"folder",FALSE,FALSE,TRUE,TRUE,"fas",NA,"fas"
"folder-minus",FALSE,FALSE,TRUE,FALSE,"fas",NA,"fas"
"folder-o",TRUE,FALSE,FALSE,FALSE,"fa","fa",NA
"folder-open",FALSE,FALSE,TRUE,TRUE,"fas",NA,"fas"
"folder-open-o",TRUE,FALSE,FALSE,FALSE,"fa","fa",NA
"folder-plus",FALSE,FALSE,TRUE,FALSE,"fas",NA,"fas"
"font",FALSE,FALSE,TRUE,FALSE,"fas",NA,"fas"
"font-awesome",TRUE,TRUE,FALSE,FALSE,"fab","fa","fab"
"font-awesome-alt",FALSE,TRUE,FALSE,FALSE,"fab",NA,"fab"
"font-awesome-flag",FALSE,TRUE,FALSE,FALSE,"fab",NA,"fab"
"font-awesome-logo-full",FALSE,TRUE,TRUE,TRUE,"fab",NA,"fab"
"fonticons",TRUE,TRUE,FALSE,FALSE,"fab","fa","fab"
"fonticons-fi",FALSE,TRUE,FALSE,FALSE,"fab",NA,"fab"
"football-ball",FALSE,FALSE,TRUE,FALSE,"fas",NA,"fas"
"fort-awesome",TRUE,TRUE,FALSE,FALSE,"fab","fa","fab"
"fort-awesome-alt",FALSE,TRUE,FALSE,FALSE,"fab",NA,"fab"
"forumbee",TRUE,TRUE,FALSE,FALSE,"fab","fa","fab"
"forward",FALSE,FALSE,TRUE,FALSE,"fas",NA,"fas"
"foursquare",TRUE,TRUE,FALSE,FALSE,"fab","fa","fab"
"free-code-camp",TRUE,TRUE,FALSE,FALSE,"fab","fa","fab"
"freebsd",FALSE,TRUE,FALSE,FALSE,"fab",NA,"fab"
"frog",FALSE,FALSE,TRUE,FALSE,"fas",NA,"fas"
"frown",FALSE,FALSE,TRUE,TRUE,"fas",NA,"fas"
"frown-o",TRUE,FALSE,FALSE,FALSE,"fa","fa",NA
"frown-open",FALSE,FALSE,TRUE,TRUE,"fas",NA,"fas"
"fulcrum",FALSE,TRUE,FALSE,FALSE,"fab",NA,"fab"
"funnel-dollar",FALSE,FALSE,TRUE,FALSE,"fas",NA,"fas"
"futbol",FALSE,FALSE,TRUE,TRUE,"fas",NA,"fas"
"futbol-o",TRUE,FALSE,FALSE,FALSE,"fa","fa",NA
"galactic-republic",FALSE,TRUE,FALSE,FALSE,"fab",NA,"fab"
"galactic-senate",FALSE,TRUE,FALSE,FALSE,"fab",NA,"fab"
"gamepad",FALSE,FALSE,TRUE,FALSE,"fas",NA,"fas"
"gas-pump",FALSE,FALSE,TRUE,FALSE,"fas",NA,"fas"
"gavel",FALSE,FALSE,TRUE,FALSE,"fas",NA,"fas"
"gbp",TRUE,FALSE,FALSE,FALSE,"fa","fa",NA
"ge",TRUE,FALSE,FALSE,FALSE,"fa","fa",NA
"gear",TRUE,FALSE,FALSE,FALSE,"fa","fa",NA
"gears",TRUE,FALSE,FALSE,FALSE,"fa","fa",NA
"gem",FALSE,FALSE,TRUE,TRUE,"fas",NA,"fas"
"genderless",FALSE,FALSE,TRUE,FALSE,"fas",NA,"fas"
"get-pocket",TRUE,TRUE,FALSE,FALSE,"fab","fa","fab"
"gg",TRUE,TRUE,FALSE,FALSE,"fab","fa","fab"
"gg-circle",TRUE,TRUE,FALSE,FALSE,"fab","fa","fab"
"ghost",FALSE,FALSE,TRUE,FALSE,"fas",NA,"fas"
"gift",FALSE,FALSE,TRUE,FALSE,"fas",NA,"fas"
"git",TRUE,TRUE,FALSE,FALSE,"fab","fa","fab"
"git-square",TRUE,TRUE,FALSE,FALSE,"fab","fa","fab"
"github",TRUE,TRUE,FALSE,FALSE,"fab","fa","fab"
"github-alt",TRUE,TRUE,FALSE,FALSE,"fab","fa","fab"
"github-square",TRUE,TRUE,FALSE,FALSE,"fab","fa","fab"
"gitkraken",FALSE,TRUE,FALSE,FALSE,"fab",NA,"fab"
"gitlab",TRUE,TRUE,FALSE,FALSE,"fab","fa","fab"
"gitter",FALSE,TRUE,FALSE,FALSE,"fab",NA,"fab"
"gittip",TRUE,FALSE,FALSE,FALSE,"fa","fa",NA
"glass",TRUE,FALSE,FALSE,FALSE,"fa","fa",NA
"glass-martini",FALSE,FALSE,TRUE,FALSE,"fas",NA,"fas"
"glass-martini-alt",FALSE,FALSE,TRUE,FALSE,"fas",NA,"fas"
"glasses",FALSE,FALSE,TRUE,FALSE,"fas",NA,"fas"
"glide",TRUE,TRUE,FALSE,FALSE,"fab","fa","fab"
"glide-g",TRUE,TRUE,FALSE,FALSE,"fab","fa","fab"
"globe",FALSE,FALSE,TRUE,FALSE,"fas",NA,"fas"
"globe-africa",FALSE,FALSE,TRUE,FALSE,"fas",NA,"fas"
"globe-americas",FALSE,FALSE,TRUE,FALSE,"fas",NA,"fas"
"globe-asia",FALSE,FALSE,TRUE,FALSE,"fas",NA,"fas"
"gofore",FALSE,TRUE,FALSE,FALSE,"fab",NA,"fab"
"golf-ball",FALSE,FALSE,TRUE,FALSE,"fas",NA,"fas"
"goodreads",FALSE,TRUE,FALSE,FALSE,"fab",NA,"fab"
"goodreads-g",FALSE,TRUE,FALSE,FALSE,"fab",NA,"fab"
"google",TRUE,TRUE,FALSE,FALSE,"fab","fa","fab"
"google-drive",FALSE,TRUE,FALSE,FALSE,"fab",NA,"fab"
"google-play",FALSE,TRUE,FALSE,FALSE,"fab",NA,"fab"
"google-plus",TRUE,TRUE,FALSE,FALSE,"fab","fa","fab"
"google-plus-circle",TRUE,FALSE,FALSE,FALSE,"fa","fa",NA
"google-plus-g",FALSE,TRUE,FALSE,FALSE,"fab",NA,"fab"
"google-plus-official",TRUE,FALSE,FALSE,FALSE,"fa","fa",NA
"google-plus-square",TRUE,TRUE,FALSE,FALSE,"fab","fa","fab"
"google-wallet",TRUE,TRUE,FALSE,FALSE,"fab","fa","fab"
"gopuram",FALSE,FALSE,TRUE,FALSE,"fas",NA,"fas"
"graduation-cap",FALSE,FALSE,TRUE,FALSE,"fas",NA,"fas"
"gratipay",TRUE,TRUE,FALSE,FALSE,"fab","fa","fab"
"grav",TRUE,TRUE,FALSE,FALSE,"fab","fa","fab"
"greater-than",FALSE,FALSE,TRUE,FALSE,"fas",NA,"fas"
"greater-than-equal",FALSE,FALSE,TRUE,FALSE,"fas",NA,"fas"
"grimace",FALSE,FALSE,TRUE,TRUE,"fas",NA,"fas"
"grin",FALSE,FALSE,TRUE,TRUE,"fas",NA,"fas"
"grin-alt",FALSE,FALSE,TRUE,TRUE,"fas",NA,"fas"
"grin-beam",FALSE,FALSE,TRUE,TRUE,"fas",NA,"fas"
"grin-beam-sweat",FALSE,FALSE,TRUE,TRUE,"fas",NA,"fas"
"grin-hearts",FALSE,FALSE,TRUE,TRUE,"fas",NA,"fas"
"grin-squint",FALSE,FALSE,TRUE,TRUE,"fas",NA,"fas"
"grin-squint-tears",FALSE,FALSE,TRUE,TRUE,"fas",NA,"fas"
"grin-stars",FALSE,FALSE,TRUE,TRUE,"fas",NA,"fas"
"grin-tears",FALSE,FALSE,TRUE,TRUE,"fas",NA,"fas"
"grin-tongue",FALSE,FALSE,TRUE,TRUE,"fas",NA,"fas"
"grin-tongue-squint",FALSE,FALSE,TRUE,TRUE,"fas",NA,"fas"
"grin-tongue-wink",FALSE,FALSE,TRUE,TRUE,"fas",NA,"fas"
"grin-wink",FALSE,FALSE,TRUE,TRUE,"fas",NA,"fas"
"grip-horizontal",FALSE,FALSE,TRUE,FALSE,"fas",NA,"fas"
"grip-vertical",FALSE,FALSE,TRUE,FALSE,"fas",NA,"fas"
"gripfire",FALSE,TRUE,FALSE,FALSE,"fab",NA,"fab"
"group",TRUE,FALSE,FALSE,FALSE,"fa","fa",NA
"grunt",FALSE,TRUE,FALSE,FALSE,"fab",NA,"fab"
"gulp",FALSE,TRUE,FALSE,FALSE,"fab",NA,"fab"
"h-square",FALSE,FALSE,TRUE,FALSE,"fas",NA,"fas"
"hacker-news",TRUE,TRUE,FALSE,FALSE,"fab","fa","fab"
"hacker-news-square",FALSE,TRUE,FALSE,FALSE,"fab",NA,"fab"
"hackerrank",FALSE,TRUE,FALSE,FALSE,"fab",NA,"fab"
"hammer",FALSE,FALSE,TRUE,FALSE,"fas",NA,"fas"
"hamsa",FALSE,FALSE,TRUE,FALSE,"fas",NA,"fas"
"hand-grab-o",TRUE,FALSE,FALSE,FALSE,"fa","fa",NA
"hand-holding",FALSE,FALSE,TRUE,FALSE,"fas",NA,"fas"
"hand-holding-heart",FALSE,FALSE,TRUE,FALSE,"fas",NA,"fas"
"hand-holding-usd",FALSE,FALSE,TRUE,FALSE,"fas",NA,"fas"
"hand-lizard",FALSE,FALSE,TRUE,TRUE,"fas",NA,"fas"
"hand-lizard-o",TRUE,FALSE,FALSE,FALSE,"fa","fa",NA
"hand-o-down",TRUE,FALSE,FALSE,FALSE,"fa","fa",NA
"hand-o-left",TRUE,FALSE,FALSE,FALSE,"fa","fa",NA
"hand-o-right",TRUE,FALSE,FALSE,FALSE,"fa","fa",NA
"hand-o-up",TRUE,FALSE,FALSE,FALSE,"fa","fa",NA
"hand-paper",FALSE,FALSE,TRUE,TRUE,"fas",NA,"fas"
"hand-paper-o",TRUE,FALSE,FALSE,FALSE,"fa","fa",NA
"hand-peace",FALSE,FALSE,TRUE,TRUE,"fas",NA,"fas"
"hand-peace-o",TRUE,FALSE,FALSE,FALSE,"fa","fa",NA
"hand-point-down",FALSE,FALSE,TRUE,TRUE,"fas",NA,"fas"
"hand-point-left",FALSE,FALSE,TRUE,TRUE,"fas",NA,"fas"
"hand-point-right",FALSE,FALSE,TRUE,TRUE,"fas",NA,"fas"
"hand-point-up",FALSE,FALSE,TRUE,TRUE,"fas",NA,"fas"
"hand-pointer",FALSE,FALSE,TRUE,TRUE,"fas",NA,"fas"
"hand-pointer-o",TRUE,FALSE,FALSE,FALSE,"fa","fa",NA
"hand-rock",FALSE,FALSE,TRUE,TRUE,"fas",NA,"fas"
"hand-rock-o",TRUE,FALSE,FALSE,FALSE,"fa","fa",NA
"hand-scissors",FALSE,FALSE,TRUE,TRUE,"fas",NA,"fas"
"hand-scissors-o",TRUE,FALSE,FALSE,FALSE,"fa","fa",NA
"hand-spock",FALSE,FALSE,TRUE,TRUE,"fas",NA,"fas"
"hand-spock-o",TRUE,FALSE,FALSE,FALSE,"fa","fa",NA
"hand-stop-o",TRUE,FALSE,FALSE,FALSE,"fa","fa",NA
"hands",FALSE,FALSE,TRUE,FALSE,"fas",NA,"fas"
"hands-helping",FALSE,FALSE,TRUE,FALSE,"fas",NA,"fas"
"handshake",FALSE,FALSE,TRUE,TRUE,"fas",NA,"fas"
"handshake-o",TRUE,FALSE,FALSE,FALSE,"fa","fa",NA
"hanukiah",FALSE,FALSE,TRUE,FALSE,"fas",NA,"fas"
"hard-of-hearing",TRUE,FALSE,FALSE,FALSE,"fa","fa",NA
"hashtag",FALSE,FALSE,TRUE,FALSE,"fas",NA,"fas"
"hat-wizard",FALSE,FALSE,TRUE,FALSE,"fas",NA,"fas"
"haykal",FALSE,FALSE,TRUE,FALSE,"fas",NA,"fas"
"hdd",FALSE,FALSE,TRUE,TRUE,"fas",NA,"fas"
"hdd-o",TRUE,FALSE,FALSE,FALSE,"fa","fa",NA
"header",TRUE,FALSE,FALSE,FALSE,"fa","fa",NA
"heading",FALSE,FALSE,TRUE,FALSE,"fas",NA,"fas"
"headphones",FALSE,FALSE,TRUE,FALSE,"fas",NA,"fas"
"headphones-alt",FALSE,FALSE,TRUE,FALSE,"fas",NA,"fas"
"headset",FALSE,FALSE,TRUE,FALSE,"fas",NA,"fas"
"heart",FALSE,FALSE,TRUE,TRUE,"fas",NA,"fas"
"heart-o",TRUE,FALSE,FALSE,FALSE,"fa","fa",NA
"heartbeat",FALSE,FALSE,TRUE,FALSE,"fas",NA,"fas"
"helicopter",FALSE,FALSE,TRUE,FALSE,"fas",NA,"fas"
"highlighter",FALSE,FALSE,TRUE,FALSE,"fas",NA,"fas"
"hiking",FALSE,FALSE,TRUE,FALSE,"fas",NA,"fas"
"hippo",FALSE,FALSE,TRUE,FALSE,"fas",NA,"fas"
"hips",FALSE,TRUE,FALSE,FALSE,"fab",NA,"fab"
"hire-a-helper",FALSE,TRUE,FALSE,FALSE,"fab",NA,"fab"
"history",FALSE,FALSE,TRUE,FALSE,"fas",NA,"fas"
"hockey-puck",FALSE,FALSE,TRUE,FALSE,"fas",NA,"fas"
"home",FALSE,FALSE,TRUE,FALSE,"fas",NA,"fas"
"hooli",FALSE,TRUE,FALSE,FALSE,"fab",NA,"fab"
"hornbill",FALSE,TRUE,FALSE,FALSE,"fab",NA,"fab"
"horse",FALSE,FALSE,TRUE,FALSE,"fas",NA,"fas"
"hospital",FALSE,FALSE,TRUE,TRUE,"fas",NA,"fas"
"hospital-alt",FALSE,FALSE,TRUE,FALSE,"fas",NA,"fas"
"hospital-o",TRUE,FALSE,FALSE,FALSE,"fa","fa",NA
"hospital-symbol",FALSE,FALSE,TRUE,FALSE,"fas",NA,"fas"
"hot-tub",FALSE,FALSE,TRUE,FALSE,"fas",NA,"fas"
"hotel",TRUE,FALSE,TRUE,FALSE,"fas","fa","fas"
"hotjar",FALSE,TRUE,FALSE,FALSE,"fab",NA,"fab"
"hourglass",FALSE,FALSE,TRUE,TRUE,"fas",NA,"fas"
"hourglass-1",TRUE,FALSE,FALSE,FALSE,"fa","fa",NA
"hourglass-2",TRUE,FALSE,FALSE,FALSE,"fa","fa",NA
"hourglass-3",TRUE,FALSE,FALSE,FALSE,"fa","fa",NA
"hourglass-end",FALSE,FALSE,TRUE,FALSE,"fas",NA,"fas"
"hourglass-half",FALSE,FALSE,TRUE,FALSE,"fas",NA,"fas"
"hourglass-o",TRUE,FALSE,FALSE,FALSE,"fa","fa",NA
"hourglass-start",FALSE,FALSE,TRUE,FALSE,"fas",NA,"fas"
"house-damage",FALSE,FALSE,TRUE,FALSE,"fas",NA,"fas"
"houzz",TRUE,TRUE,FALSE,FALSE,"fab","fa","fab"
"hryvnia",FALSE,FALSE,TRUE,FALSE,"fas",NA,"fas"
"html5",TRUE,TRUE,FALSE,FALSE,"fab","fa","fab"
"hubspot",FALSE,TRUE,FALSE,FALSE,"fab",NA,"fab"
"i-cursor",FALSE,FALSE,TRUE,FALSE,"fas",NA,"fas"
"id-badge",TRUE,FALSE,TRUE,TRUE,"fas","fa","fas"
"id-card",FALSE,FALSE,TRUE,TRUE,"fas",NA,"fas"
"id-card-alt",FALSE,FALSE,TRUE,FALSE,"fas",NA,"fas"
"id-card-o",TRUE,FALSE,FALSE,FALSE,"fa","fa",NA
"ils",TRUE,FALSE,FALSE,FALSE,"fa","fa",NA
"image",TRUE,FALSE,TRUE,TRUE,"fas","fa","fas"
"images",FALSE,FALSE,TRUE,TRUE,"fas",NA,"fas"
"imdb",TRUE,TRUE,FALSE,FALSE,"fab","fa","fab"
"inbox",FALSE,FALSE,TRUE,FALSE,"fas",NA,"fas"
"indent",FALSE,FALSE,TRUE,FALSE,"fas",NA,"fas"
"industry",FALSE,FALSE,TRUE,FALSE,"fas",NA,"fas"
"infinity",FALSE,FALSE,TRUE,FALSE,"fas",NA,"fas"
"info",FALSE,FALSE,TRUE,FALSE,"fas",NA,"fas"
"info-circle",FALSE,FALSE,TRUE,FALSE,"fas",NA,"fas"
"inr",TRUE,FALSE,FALSE,FALSE,"fa","fa",NA
"instagram",TRUE,TRUE,FALSE,FALSE,"fab","fa","fab"
"institution",TRUE,FALSE,FALSE,FALSE,"fa","fa",NA
"internet-explorer",TRUE,TRUE,FALSE,FALSE,"fab","fa","fab"
"intersex",TRUE,FALSE,FALSE,FALSE,"fa","fa",NA
"ioxhost",TRUE,TRUE,FALSE,FALSE,"fab","fa","fab"
"italic",FALSE,FALSE,TRUE,FALSE,"fas",NA,"fas"
"itunes",FALSE,TRUE,FALSE,FALSE,"fab",NA,"fab"
"itunes-note",FALSE,TRUE,FALSE,FALSE,"fab",NA,"fab"
"java",FALSE,TRUE,FALSE,FALSE,"fab",NA,"fab"
"jedi",FALSE,FALSE,TRUE,FALSE,"fas",NA,"fas"
"jedi-order",FALSE,TRUE,FALSE,FALSE,"fab",NA,"fab"
"jenkins",FALSE,TRUE,FALSE,FALSE,"fab",NA,"fab"
"joget",FALSE,TRUE,FALSE,FALSE,"fab",NA,"fab"
"joint",FALSE,FALSE,TRUE,FALSE,"fas",NA,"fas"
"joomla",TRUE,TRUE,FALSE,FALSE,"fab","fa","fab"
"journal-whills",FALSE,FALSE,TRUE,FALSE,"fas",NA,"fas"
"jpy",TRUE,FALSE,FALSE,FALSE,"fa","fa",NA
"js",FALSE,TRUE,FALSE,FALSE,"fab",NA,"fab"
"js-square",FALSE,TRUE,FALSE,FALSE,"fab",NA,"fab"
"jsfiddle",TRUE,TRUE,FALSE,FALSE,"fab","fa","fab"
"kaaba",FALSE,FALSE,TRUE,FALSE,"fas",NA,"fas"
"kaggle",FALSE,TRUE,FALSE,FALSE,"fab",NA,"fab"
"key",FALSE,FALSE,TRUE,FALSE,"fas",NA,"fas"
"keybase",FALSE,TRUE,FALSE,FALSE,"fab",NA,"fab"
"keyboard",FALSE,FALSE,TRUE,TRUE,"fas",NA,"fas"
"keyboard-o",TRUE,FALSE,FALSE,FALSE,"fa","fa",NA
"keycdn",FALSE,TRUE,FALSE,FALSE,"fab",NA,"fab"
"khanda",FALSE,FALSE,TRUE,FALSE,"fas",NA,"fas"
"kickstarter",FALSE,TRUE,FALSE,FALSE,"fab",NA,"fab"
"kickstarter-k",FALSE,TRUE,FALSE,FALSE,"fab",NA,"fab"
"kiss",FALSE,FALSE,TRUE,TRUE,"fas",NA,"fas"
"kiss-beam",FALSE,FALSE,TRUE,TRUE,"fas",NA,"fas"
"kiss-wink-heart",FALSE,FALSE,TRUE,TRUE,"fas",NA,"fas"
"kiwi-bird",FALSE,FALSE,TRUE,FALSE,"fas",NA,"fas"
"korvue",FALSE,TRUE,FALSE,FALSE,"fab",NA,"fab"
"krw",TRUE,FALSE,FALSE,FALSE,"fa","fa",NA
"landmark",FALSE,FALSE,TRUE,FALSE,"fas",NA,"fas"
"language",FALSE,FALSE,TRUE,FALSE,"fas",NA,"fas"
"laptop",FALSE,FALSE,TRUE,FALSE,"fas",NA,"fas"
"laptop-code",FALSE,FALSE,TRUE,FALSE,"fas",NA,"fas"
"laravel",FALSE,TRUE,FALSE,FALSE,"fab",NA,"fab"
"lastfm",TRUE,TRUE,FALSE,FALSE,"fab","fa","fab"
"lastfm-square",TRUE,TRUE,FALSE,FALSE,"fab","fa","fab"
"laugh",FALSE,FALSE,TRUE,TRUE,"fas",NA,"fas"
"laugh-beam",FALSE,FALSE,TRUE,TRUE,"fas",NA,"fas"
"laugh-squint",FALSE,FALSE,TRUE,TRUE,"fas",NA,"fas"
"laugh-wink",FALSE,FALSE,TRUE,TRUE,"fas",NA,"fas"
"layer-group",FALSE,FALSE,TRUE,FALSE,"fas",NA,"fas"
"leaf",FALSE,FALSE,TRUE,FALSE,"fas",NA,"fas"
"leanpub",TRUE,TRUE,FALSE,FALSE,"fab","fa","fab"
"legal",TRUE,FALSE,FALSE,FALSE,"fa","fa",NA
"lemon",FALSE,FALSE,TRUE,TRUE,"fas",NA,"fas"
"lemon-o",TRUE,FALSE,FALSE,FALSE,"fa","fa",NA
"less",FALSE,TRUE,FALSE,FALSE,"fab",NA,"fab"
"less-than",FALSE,FALSE,TRUE,FALSE,"fas",NA,"fas"
"less-than-equal",FALSE,FALSE,TRUE,FALSE,"fas",NA,"fas"
"level-down",TRUE,FALSE,FALSE,FALSE,"fa","fa",NA
"level-down-alt",FALSE,FALSE,TRUE,FALSE,"fas",NA,"fas"
"level-up",TRUE,FALSE,FALSE,FALSE,"fa","fa",NA
"level-up-alt",FALSE,FALSE,TRUE,FALSE,"fas",NA,"fas"
"life-bouy",TRUE,FALSE,FALSE,FALSE,"fa","fa",NA
"life-buoy",TRUE,FALSE,FALSE,FALSE,"fa","fa",NA
"life-ring",TRUE,FALSE,TRUE,TRUE,"fas","fa","fas"
"life-saver",TRUE,FALSE,FALSE,FALSE,"fa","fa",NA
"lightbulb",FALSE,FALSE,TRUE,TRUE,"fas",NA,"fas"
"lightbulb-o",TRUE,FALSE,FALSE,FALSE,"fa","fa",NA
"line",FALSE,TRUE,FALSE,FALSE,"fab",NA,"fab"
"line-chart",TRUE,FALSE,FALSE,FALSE,"fa","fa",NA
"link",FALSE,FALSE,TRUE,FALSE,"fas",NA,"fas"
"linkedin",TRUE,TRUE,FALSE,FALSE,"fab","fa","fab"
"linkedin-in",FALSE,TRUE,FALSE,FALSE,"fab",NA,"fab"
"linkedin-square",TRUE,FALSE,FALSE,FALSE,"fa","fa",NA
"linode",TRUE,TRUE,FALSE,FALSE,"fab","fa","fab"
"linux",TRUE,TRUE,FALSE,FALSE,"fab","fa","fab"
"lira-sign",FALSE,FALSE,TRUE,FALSE,"fas",NA,"fas"
"list",FALSE,FALSE,TRUE,FALSE,"fas",NA,"fas"
"list-alt",TRUE,FALSE,TRUE,TRUE,"fas","fa","fas"
"list-ol",FALSE,FALSE,TRUE,FALSE,"fas",NA,"fas"
"list-ul",FALSE,FALSE,TRUE,FALSE,"fas",NA,"fas"
"location-arrow",FALSE,FALSE,TRUE,FALSE,"fas",NA,"fas"
"lock",FALSE,FALSE,TRUE,FALSE,"fas",NA,"fas"
"lock-open",FALSE,FALSE,TRUE,FALSE,"fas",NA,"fas"
"long-arrow-alt-down",FALSE,FALSE,TRUE,FALSE,"fas",NA,"fas"
"long-arrow-alt-left",FALSE,FALSE,TRUE,FALSE,"fas",NA,"fas"
"long-arrow-alt-right",FALSE,FALSE,TRUE,FALSE,"fas",NA,"fas"
"long-arrow-alt-up",FALSE,FALSE,TRUE,FALSE,"fas",NA,"fas"
"long-arrow-down",TRUE,FALSE,FALSE,FALSE,"fa","fa",NA
"long-arrow-left",TRUE,FALSE,FALSE,FALSE,"fa","fa",NA
"long-arrow-right",TRUE,FALSE,FALSE,FALSE,"fa","fa",NA
"long-arrow-up",TRUE,FALSE,FALSE,FALSE,"fa","fa",NA
"low-vision",FALSE,FALSE,TRUE,FALSE,"fas",NA,"fas"
"luggage-cart",FALSE,FALSE,TRUE,FALSE,"fas",NA,"fas"
"lyft",FALSE,TRUE,FALSE,FALSE,"fab",NA,"fab"
"magento",FALSE,TRUE,FALSE,FALSE,"fab",NA,"fab"
"magic",FALSE,FALSE,TRUE,FALSE,"fas",NA,"fas"
"magnet",FALSE,FALSE,TRUE,FALSE,"fas",NA,"fas"
"mail-bulk",FALSE,FALSE,TRUE,FALSE,"fas",NA,"fas"
"mail-forward",TRUE,FALSE,FALSE,FALSE,"fa","fa",NA
"mail-reply",TRUE,FALSE,FALSE,FALSE,"fa","fa",NA
"mail-reply-all",TRUE,FALSE,FALSE,FALSE,"fa","fa",NA
"mailchimp",FALSE,TRUE,FALSE,FALSE,"fab",NA,"fab"
"male",FALSE,FALSE,TRUE,FALSE,"fas",NA,"fas"
"mandalorian",FALSE,TRUE,FALSE,FALSE,"fab",NA,"fab"
"map",FALSE,FALSE,TRUE,TRUE,"fas",NA,"fas"
"map-marked",FALSE,FALSE,TRUE,FALSE,"fas",NA,"fas"
"map-marked-alt",FALSE,FALSE,TRUE,FALSE,"fas",NA,"fas"
"map-marker",TRUE,FALSE,TRUE,FALSE,"fas","fa","fas"
"map-marker-alt",FALSE,FALSE,TRUE,FALSE,"fas",NA,"fas"
"map-o",TRUE,FALSE,FALSE,FALSE,"fa","fa",NA
"map-pin",FALSE,FALSE,TRUE,FALSE,"fas",NA,"fas"
"map-signs",FALSE,FALSE,TRUE,FALSE,"fas",NA,"fas"
"markdown",FALSE,TRUE,FALSE,FALSE,"fab",NA,"fab"
"marker",FALSE,FALSE,TRUE,FALSE,"fas",NA,"fas"
"mars",FALSE,FALSE,TRUE,FALSE,"fas",NA,"fas"
"mars-double",FALSE,FALSE,TRUE,FALSE,"fas",NA,"fas"
"mars-stroke",FALSE,FALSE,TRUE,FALSE,"fas",NA,"fas"
"mars-stroke-h",FALSE,FALSE,TRUE,FALSE,"fas",NA,"fas"
"mars-stroke-v",FALSE,FALSE,TRUE,FALSE,"fas",NA,"fas"
"mask",FALSE,FALSE,TRUE,FALSE,"fas",NA,"fas"
"mastodon",FALSE,TRUE,FALSE,FALSE,"fab",NA,"fab"
"maxcdn",TRUE,TRUE,FALSE,FALSE,"fab","fa","fab"
"meanpath",TRUE,FALSE,FALSE,FALSE,"fa","fa",NA
"medal",FALSE,FALSE,TRUE,FALSE,"fas",NA,"fas"
"medapps",FALSE,TRUE,FALSE,FALSE,"fab",NA,"fab"
"medium",TRUE,TRUE,FALSE,FALSE,"fab","fa","fab"
"medium-m",FALSE,TRUE,FALSE,FALSE,"fab",NA,"fab"
"medkit",FALSE,FALSE,TRUE,FALSE,"fas",NA,"fas"
"medrt",FALSE,TRUE,FALSE,FALSE,"fab",NA,"fab"
"meetup",TRUE,TRUE,FALSE,FALSE,"fab","fa","fab"
"megaport",FALSE,TRUE,FALSE,FALSE,"fab",NA,"fab"
"meh",FALSE,FALSE,TRUE,TRUE,"fas",NA,"fas"
"meh-blank",FALSE,FALSE,TRUE,TRUE,"fas",NA,"fas"
"meh-o",TRUE,FALSE,FALSE,FALSE,"fa","fa",NA
"meh-rolling-eyes",FALSE,FALSE,TRUE,TRUE,"fas",NA,"fas"
"memory",FALSE,FALSE,TRUE,FALSE,"fas",NA,"fas"
"menorah",FALSE,FALSE,TRUE,FALSE,"fas",NA,"fas"
"mercury",FALSE,FALSE,TRUE,FALSE,"fas",NA,"fas"
"microchip",FALSE,FALSE,TRUE,FALSE,"fas",NA,"fas"
"microphone",FALSE,FALSE,TRUE,FALSE,"fas",NA,"fas"
"microphone-alt",FALSE,FALSE,TRUE,FALSE,"fas",NA,"fas"
"microphone-alt-slash",FALSE,FALSE,TRUE,FALSE,"fas",NA,"fas"
"microphone-slash",FALSE,FALSE,TRUE,FALSE,"fas",NA,"fas"
"microscope",FALSE,FALSE,TRUE,FALSE,"fas",NA,"fas"
"microsoft",FALSE,TRUE,FALSE,FALSE,"fab",NA,"fab"
"minus",FALSE,FALSE,TRUE,FALSE,"fas",NA,"fas"
"minus-circle",FALSE,FALSE,TRUE,FALSE,"fas",NA,"fas"
"minus-square",FALSE,FALSE,TRUE,TRUE,"fas",NA,"fas"
"minus-square-o",TRUE,FALSE,FALSE,FALSE,"fa","fa",NA
"mix",FALSE,TRUE,FALSE,FALSE,"fab",NA,"fab"
"mixcloud",TRUE,TRUE,FALSE,FALSE,"fab","fa","fab"
"mizuni",FALSE,TRUE,FALSE,FALSE,"fab",NA,"fab"
"mobile",TRUE,FALSE,TRUE,FALSE,"fas","fa","fas"
"mobile-alt",FALSE,FALSE,TRUE,FALSE,"fas",NA,"fas"
"mobile-phone",TRUE,FALSE,FALSE,FALSE,"fa","fa",NA
"modx",TRUE,TRUE,FALSE,FALSE,"fab","fa","fab"
"monero",FALSE,TRUE,FALSE,FALSE,"fab",NA,"fab"
"money",TRUE,FALSE,FALSE,FALSE,"fa","fa",NA
"money-bill",FALSE,FALSE,TRUE,FALSE,"fas",NA,"fas"
"money-bill-alt",FALSE,FALSE,TRUE,TRUE,"fas",NA,"fas"
"money-bill-wave",FALSE,FALSE,TRUE,FALSE,"fas",NA,"fas"
"money-bill-wave-alt",FALSE,FALSE,TRUE,FALSE,"fas",NA,"fas"
"money-check",FALSE,FALSE,TRUE,FALSE,"fas",NA,"fas"
"money-check-alt",FALSE,FALSE,TRUE,FALSE,"fas",NA,"fas"
"monument",FALSE,FALSE,TRUE,FALSE,"fas",NA,"fas"
"moon",FALSE,FALSE,TRUE,TRUE,"fas",NA,"fas"
"moon-o",TRUE,FALSE,FALSE,FALSE,"fa","fa",NA
"mortar-board",TRUE,FALSE,FALSE,FALSE,"fa","fa",NA
"mortar-pestle",FALSE,FALSE,TRUE,FALSE,"fas",NA,"fas"
"mosque",FALSE,FALSE,TRUE,FALSE,"fas",NA,"fas"
"motorcycle",FALSE,FALSE,TRUE,FALSE,"fas",NA,"fas"
"mountain",FALSE,FALSE,TRUE,FALSE,"fas",NA,"fas"
"mouse-pointer",FALSE,FALSE,TRUE,FALSE,"fas",NA,"fas"
"music",FALSE,FALSE,TRUE,FALSE,"fas",NA,"fas"
"napster",FALSE,TRUE,FALSE,FALSE,"fab",NA,"fab"
"navicon",TRUE,FALSE,FALSE,FALSE,"fa","fa",NA
"neos",FALSE,TRUE,FALSE,FALSE,"fab",NA,"fab"
"network-wired",FALSE,FALSE,TRUE,FALSE,"fas",NA,"fas"
"neuter",FALSE,FALSE,TRUE,FALSE,"fas",NA,"fas"
"newspaper",FALSE,FALSE,TRUE,TRUE,"fas",NA,"fas"
"newspaper-o",TRUE,FALSE,FALSE,FALSE,"fa","fa",NA
"nimblr",FALSE,TRUE,FALSE,FALSE,"fab",NA,"fab"
"nintendo-switch",FALSE,TRUE,FALSE,FALSE,"fab",NA,"fab"
"node",FALSE,TRUE,FALSE,FALSE,"fab",NA,"fab"
"node-js",FALSE,TRUE,FALSE,FALSE,"fab",NA,"fab"
"not-equal",FALSE,FALSE,TRUE,FALSE,"fas",NA,"fas"
"notes-medical",FALSE,FALSE,TRUE,FALSE,"fas",NA,"fas"
"npm",FALSE,TRUE,FALSE,FALSE,"fab",NA,"fab"
"ns8",FALSE,TRUE,FALSE,FALSE,"fab",NA,"fab"
"nutritionix",FALSE,TRUE,FALSE,FALSE,"fab",NA,"fab"
"object-group",TRUE,FALSE,TRUE,TRUE,"fas","fa","fas"
"object-ungroup",TRUE,FALSE,TRUE,TRUE,"fas","fa","fas"
"odnoklassniki",TRUE,TRUE,FALSE,FALSE,"fab","fa","fab"
"odnoklassniki-square",TRUE,TRUE,FALSE,FALSE,"fab","fa","fab"
"oil-can",FALSE,FALSE,TRUE,FALSE,"fas",NA,"fas"
"old-republic",FALSE,TRUE,FALSE,FALSE,"fab",NA,"fab"
"om",FALSE,FALSE,TRUE,FALSE,"fas",NA,"fas"
"opencart",TRUE,TRUE,FALSE,FALSE,"fab","fa","fab"
"openid",TRUE,TRUE,FALSE,FALSE,"fab","fa","fab"
"opera",TRUE,TRUE,FALSE,FALSE,"fab","fa","fab"
"optin-monster",TRUE,TRUE,FALSE,FALSE,"fab","fa","fab"
"osi",FALSE,TRUE,FALSE,FALSE,"fab",NA,"fab"
"otter",FALSE,FALSE,TRUE,FALSE,"fas",NA,"fas"
"outdent",FALSE,FALSE,TRUE,FALSE,"fas",NA,"fas"
"page4",FALSE,TRUE,FALSE,FALSE,"fab",NA,"fab"
"pagelines",TRUE,TRUE,FALSE,FALSE,"fab","fa","fab"
"paint-brush",FALSE,FALSE,TRUE,FALSE,"fas",NA,"fas"
"paint-roller",FALSE,FALSE,TRUE,FALSE,"fas",NA,"fas"
"palette",FALSE,FALSE,TRUE,FALSE,"fas",NA,"fas"
"palfed",FALSE,TRUE,FALSE,FALSE,"fab",NA,"fab"
"pallet",FALSE,FALSE,TRUE,FALSE,"fas",NA,"fas"
"paper-plane",FALSE,FALSE,TRUE,TRUE,"fas",NA,"fas"
"paper-plane-o",TRUE,FALSE,FALSE,FALSE,"fa","fa",NA
"paperclip",FALSE,FALSE,TRUE,FALSE,"fas",NA,"fas"
"parachute-box",FALSE,FALSE,TRUE,FALSE,"fas",NA,"fas"
"paragraph",FALSE,FALSE,TRUE,FALSE,"fas",NA,"fas"
"parking",FALSE,FALSE,TRUE,FALSE,"fas",NA,"fas"
"passport",FALSE,FALSE,TRUE,FALSE,"fas",NA,"fas"
"pastafarianism",FALSE,FALSE,TRUE,FALSE,"fas",NA,"fas"
"paste",TRUE,FALSE,TRUE,FALSE,"fas","fa","fas"
"patreon",FALSE,TRUE,FALSE,FALSE,"fab",NA,"fab"
"pause",FALSE,FALSE,TRUE,FALSE,"fas",NA,"fas"
"pause-circle",FALSE,FALSE,TRUE,TRUE,"fas",NA,"fas"
"pause-circle-o",TRUE,FALSE,FALSE,FALSE,"fa","fa",NA
"paw",FALSE,FALSE,TRUE,FALSE,"fas",NA,"fas"
"paypal",TRUE,TRUE,FALSE,FALSE,"fab","fa","fab"
"peace",FALSE,FALSE,TRUE,FALSE,"fas",NA,"fas"
"pen",FALSE,FALSE,TRUE,FALSE,"fas",NA,"fas"
"pen-alt",FALSE,FALSE,TRUE,FALSE,"fas",NA,"fas"
"pen-fancy",FALSE,FALSE,TRUE,FALSE,"fas",NA,"fas"
"pen-nib",FALSE,FALSE,TRUE,FALSE,"fas",NA,"fas"
"pen-square",FALSE,FALSE,TRUE,FALSE,"fas",NA,"fas"
"pencil",TRUE,FALSE,FALSE,FALSE,"fa","fa",NA
"pencil-alt",FALSE,FALSE,TRUE,FALSE,"fas",NA,"fas"
"pencil-ruler",FALSE,FALSE,TRUE,FALSE,"fas",NA,"fas"
"pencil-square",TRUE,FALSE,FALSE,FALSE,"fa","fa",NA
"pencil-square-o",TRUE,FALSE,FALSE,FALSE,"fa","fa",NA
"penny-arcade",FALSE,TRUE,FALSE,FALSE,"fab",NA,"fab"
"people-carry",FALSE,FALSE,TRUE,FALSE,"fas",NA,"fas"
"percent",FALSE,FALSE,TRUE,FALSE,"fas",NA,"fas"
"percentage",FALSE,FALSE,TRUE,FALSE,"fas",NA,"fas"
"periscope",FALSE,TRUE,FALSE,FALSE,"fab",NA,"fab"
"phabricator",FALSE,TRUE,FALSE,FALSE,"fab",NA,"fab"
"phoenix-framework",FALSE,TRUE,FALSE,FALSE,"fab",NA,"fab"
"phoenix-squadron",FALSE,TRUE,FALSE,FALSE,"fab",NA,"fab"
"phone",FALSE,FALSE,TRUE,FALSE,"fas",NA,"fas"
"phone-slash",FALSE,FALSE,TRUE,FALSE,"fas",NA,"fas"
"phone-square",FALSE,FALSE,TRUE,FALSE,"fas",NA,"fas"
"phone-volume",FALSE,FALSE,TRUE,FALSE,"fas",NA,"fas"
"photo",TRUE,FALSE,FALSE,FALSE,"fa","fa",NA
"php",FALSE,TRUE,FALSE,FALSE,"fab",NA,"fab"
"picture-o",TRUE,FALSE,FALSE,FALSE,"fa","fa",NA
"pie-chart",TRUE,FALSE,FALSE,FALSE,"fa","fa",NA
"pied-piper",TRUE,TRUE,FALSE,FALSE,"fab","fa","fab"
"pied-piper-alt",TRUE,TRUE,FALSE,FALSE,"fab","fa","fab"
"pied-piper-hat",FALSE,TRUE,FALSE,FALSE,"fab",NA,"fab"
"pied-piper-pp",TRUE,TRUE,FALSE,FALSE,"fab","fa","fab"
"piggy-bank",FALSE,FALSE,TRUE,FALSE,"fas",NA,"fas"
"pills",FALSE,FALSE,TRUE,FALSE,"fas",NA,"fas"
"pinterest",TRUE,TRUE,FALSE,FALSE,"fab","fa","fab"
"pinterest-p",TRUE,TRUE,FALSE,FALSE,"fab","fa","fab"
"pinterest-square",TRUE,TRUE,FALSE,FALSE,"fab","fa","fab"
"place-of-worship",FALSE,FALSE,TRUE,FALSE,"fas",NA,"fas"
"plane",FALSE,FALSE,TRUE,FALSE,"fas",NA,"fas"
"plane-arrival",FALSE,FALSE,TRUE,FALSE,"fas",NA,"fas"
"plane-departure",FALSE,FALSE,TRUE,FALSE,"fas",NA,"fas"
"play",FALSE,FALSE,TRUE,FALSE,"fas",NA,"fas"
"play-circle",FALSE,FALSE,TRUE,TRUE,"fas",NA,"fas"
"play-circle-o",TRUE,FALSE,FALSE,FALSE,"fa","fa",NA
"playstation",FALSE,TRUE,FALSE,FALSE,"fab",NA,"fab"
"plug",FALSE,FALSE,TRUE,FALSE,"fas",NA,"fas"
"plus",FALSE,FALSE,TRUE,FALSE,"fas",NA,"fas"
"plus-circle",FALSE,FALSE,TRUE,FALSE,"fas",NA,"fas"
"plus-square",FALSE,FALSE,TRUE,TRUE,"fas",NA,"fas"
"plus-square-o",TRUE,FALSE,FALSE,FALSE,"fa","fa",NA
"podcast",FALSE,FALSE,TRUE,FALSE,"fas",NA,"fas"
"poll",FALSE,FALSE,TRUE,FALSE,"fas",NA,"fas"
"poll-h",FALSE,FALSE,TRUE,FALSE,"fas",NA,"fas"
"poo",FALSE,FALSE,TRUE,FALSE,"fas",NA,"fas"
"poop",FALSE,FALSE,TRUE,FALSE,"fas",NA,"fas"
"portrait",FALSE,FALSE,TRUE,FALSE,"fas",NA,"fas"
"pound-sign",FALSE,FALSE,TRUE,FALSE,"fas",NA,"fas"
"power-off",FALSE,FALSE,TRUE,FALSE,"fas",NA,"fas"
"pray",FALSE,FALSE,TRUE,FALSE,"fas",NA,"fas"
"praying-hands",FALSE,FALSE,TRUE,FALSE,"fas",NA,"fas"
"prescription",FALSE,FALSE,TRUE,FALSE,"fas",NA,"fas"
"prescription-bottle",FALSE,FALSE,TRUE,FALSE,"fas",NA,"fas"
"prescription-bottle-alt",FALSE,FALSE,TRUE,FALSE,"fas",NA,"fas"
"print",FALSE,FALSE,TRUE,FALSE,"fas",NA,"fas"
"procedures",FALSE,FALSE,TRUE,FALSE,"fas",NA,"fas"
"product-hunt",TRUE,TRUE,FALSE,FALSE,"fab","fa","fab"
"project-diagram",FALSE,FALSE,TRUE,FALSE,"fas",NA,"fas"
"pushed",FALSE,TRUE,FALSE,FALSE,"fab",NA,"fab"
"puzzle-piece",FALSE,FALSE,TRUE,FALSE,"fas",NA,"fas"
"python",FALSE,TRUE,FALSE,FALSE,"fab",NA,"fab"
"qq",TRUE,TRUE,FALSE,FALSE,"fab","fa","fab"
"qrcode",FALSE,FALSE,TRUE,FALSE,"fas",NA,"fas"
"question",FALSE,FALSE,TRUE,FALSE,"fas",NA,"fas"
"question-circle",FALSE,FALSE,TRUE,TRUE,"fas",NA,"fas"
"question-circle-o",TRUE,FALSE,FALSE,FALSE,"fa","fa",NA
"quidditch",FALSE,FALSE,TRUE,FALSE,"fas",NA,"fas"
"quinscape",FALSE,TRUE,FALSE,FALSE,"fab",NA,"fab"
"quora",TRUE,TRUE,FALSE,FALSE,"fab","fa","fab"
"quote-left",FALSE,FALSE,TRUE,FALSE,"fas",NA,"fas"
"quote-right",FALSE,FALSE,TRUE,FALSE,"fas",NA,"fas"
"quran",FALSE,FALSE,TRUE,FALSE,"fas",NA,"fas"
"r-project",FALSE,TRUE,FALSE,FALSE,"fab",NA,"fab"
"ra",TRUE,FALSE,FALSE,FALSE,"fa","fa",NA
"random",FALSE,FALSE,TRUE,FALSE,"fas",NA,"fas"
"ravelry",TRUE,TRUE,FALSE,FALSE,"fab","fa","fab"
"react",FALSE,TRUE,FALSE,FALSE,"fab",NA,"fab"
"readme",FALSE,TRUE,FALSE,FALSE,"fab",NA,"fab"
"rebel",TRUE,TRUE,FALSE,FALSE,"fab","fa","fab"
"receipt",FALSE,FALSE,TRUE,FALSE,"fas",NA,"fas"
"recycle",FALSE,FALSE,TRUE,FALSE,"fas",NA,"fas"
"red-river",FALSE,TRUE,FALSE,FALSE,"fab",NA,"fab"
"reddit",TRUE,TRUE,FALSE,FALSE,"fab","fa","fab"
"reddit-alien",TRUE,TRUE,FALSE,FALSE,"fab","fa","fab"
"reddit-square",TRUE,TRUE,FALSE,FALSE,"fab","fa","fab"
"redo",FALSE,FALSE,TRUE,FALSE,"fas",NA,"fas"
"redo-alt",FALSE,FALSE,TRUE,FALSE,"fas",NA,"fas"
"refresh",TRUE,FALSE,FALSE,FALSE,"fa","fa",NA
"registered",TRUE,FALSE,TRUE,TRUE,"fas","fa","fas"
"remove",TRUE,FALSE,FALSE,FALSE,"fa","fa",NA
"rendact",FALSE,TRUE,FALSE,FALSE,"fab",NA,"fab"
"renren",TRUE,TRUE,FALSE,FALSE,"fab","fa","fab"
"reorder",TRUE,FALSE,FALSE,FALSE,"fa","fa",NA
"repeat",TRUE,FALSE,FALSE,FALSE,"fa","fa",NA
"reply",FALSE,FALSE,TRUE,FALSE,"fas",NA,"fas"
"reply-all",FALSE,FALSE,TRUE,FALSE,"fas",NA,"fas"
"replyd",FALSE,TRUE,FALSE,FALSE,"fab",NA,"fab"
"researchgate",FALSE,TRUE,FALSE,FALSE,"fab",NA,"fab"
"resistance",TRUE,FALSE,FALSE,FALSE,"fa","fa",NA
"resolving",FALSE,TRUE,FALSE,FALSE,"fab",NA,"fab"
"retweet",FALSE,FALSE,TRUE,FALSE,"fas",NA,"fas"
"rev",FALSE,TRUE,FALSE,FALSE,"fab",NA,"fab"
"ribbon",FALSE,FALSE,TRUE,FALSE,"fas",NA,"fas"
"ring",FALSE,FALSE,TRUE,FALSE,"fas",NA,"fas"
"rmb",TRUE,FALSE,FALSE,FALSE,"fa","fa",NA
"road",FALSE,FALSE,TRUE,FALSE,"fas",NA,"fas"
"robot",FALSE,FALSE,TRUE,FALSE,"fas",NA,"fas"
"rocket",FALSE,FALSE,TRUE,FALSE,"fas",NA,"fas"
"rocketchat",FALSE,TRUE,FALSE,FALSE,"fab",NA,"fab"
"rockrms",FALSE,TRUE,FALSE,FALSE,"fab",NA,"fab"
"rotate-left",TRUE,FALSE,FALSE,FALSE,"fa","fa",NA
"rotate-right",TRUE,FALSE,FALSE,FALSE,"fa","fa",NA
"rouble",TRUE,FALSE,FALSE,FALSE,"fa","fa",NA
"route",FALSE,FALSE,TRUE,FALSE,"fas",NA,"fas"
"rss",FALSE,FALSE,TRUE,FALSE,"fas",NA,"fas"
"rss-square",FALSE,FALSE,TRUE,FALSE,"fas",NA,"fas"
"rub",TRUE,FALSE,FALSE,FALSE,"fa","fa",NA
"ruble",TRUE,FALSE,FALSE,FALSE,"fa","fa",NA
"ruble-sign",FALSE,FALSE,TRUE,FALSE,"fas",NA,"fas"
"ruler",FALSE,FALSE,TRUE,FALSE,"fas",NA,"fas"
"ruler-combined",FALSE,FALSE,TRUE,FALSE,"fas",NA,"fas"
"ruler-horizontal",FALSE,FALSE,TRUE,FALSE,"fas",NA,"fas"
"ruler-vertical",FALSE,FALSE,TRUE,FALSE,"fas",NA,"fas"
"running",FALSE,FALSE,TRUE,FALSE,"fas",NA,"fas"
"rupee",TRUE,FALSE,FALSE,FALSE,"fa","fa",NA
"rupee-sign",FALSE,FALSE,TRUE,FALSE,"fas",NA,"fas"
"s15",TRUE,FALSE,FALSE,FALSE,"fa","fa",NA
"sad-cry",FALSE,FALSE,TRUE,TRUE,"fas",NA,"fas"
"sad-tear",FALSE,FALSE,TRUE,TRUE,"fas",NA,"fas"
"safari",TRUE,TRUE,FALSE,FALSE,"fab","fa","fab"
"sass",FALSE,TRUE,FALSE,FALSE,"fab",NA,"fab"
"save",FALSE,FALSE,TRUE,TRUE,"fas",NA,"fas"
"schlix",FALSE,TRUE,FALSE,FALSE,"fab",NA,"fab"
"school",FALSE,FALSE,TRUE,FALSE,"fas",NA,"fas"
"scissors",TRUE,FALSE,FALSE,FALSE,"fa","fa",NA
"screwdriver",FALSE,FALSE,TRUE,FALSE,"fas",NA,"fas"
"scribd",TRUE,TRUE,FALSE,FALSE,"fab","fa","fab"
"scroll",FALSE,FALSE,TRUE,FALSE,"fas",NA,"fas"
"search",FALSE,FALSE,TRUE,FALSE,"fas",NA,"fas"
"search-dollar",FALSE,FALSE,TRUE,FALSE,"fas",NA,"fas"
"search-location",FALSE,FALSE,TRUE,FALSE,"fas",NA,"fas"
"search-minus",FALSE,FALSE,TRUE,FALSE,"fas",NA,"fas"
"search-plus",FALSE,FALSE,TRUE,FALSE,"fas",NA,"fas"
"searchengin",FALSE,TRUE,FALSE,FALSE,"fab",NA,"fab"
"seedling",FALSE,FALSE,TRUE,FALSE,"fas",NA,"fas"
"sellcast",FALSE,TRUE,FALSE,FALSE,"fab",NA,"fab"
"sellsy",TRUE,TRUE,FALSE,FALSE,"fab","fa","fab"
"send",TRUE,FALSE,FALSE,FALSE,"fa","fa",NA
"send-o",TRUE,FALSE,FALSE,FALSE,"fa","fa",NA
"server",FALSE,FALSE,TRUE,FALSE,"fas",NA,"fas"
"servicestack",FALSE,TRUE,FALSE,FALSE,"fab",NA,"fab"
"shapes",FALSE,FALSE,TRUE,FALSE,"fas",NA,"fas"
"share",FALSE,FALSE,TRUE,FALSE,"fas",NA,"fas"
"share-alt",FALSE,FALSE,TRUE,FALSE,"fas",NA,"fas"
"share-alt-square",FALSE,FALSE,TRUE,FALSE,"fas",NA,"fas"
"share-square",FALSE,FALSE,TRUE,TRUE,"fas",NA,"fas"
"share-square-o",TRUE,FALSE,FALSE,FALSE,"fa","fa",NA
"shekel",TRUE,FALSE,FALSE,FALSE,"fa","fa",NA
"shekel-sign",FALSE,FALSE,TRUE,FALSE,"fas",NA,"fas"
"sheqel",TRUE,FALSE,FALSE,FALSE,"fa","fa",NA
"shield",TRUE,FALSE,FALSE,FALSE,"fa","fa",NA
"shield-alt",FALSE,FALSE,TRUE,FALSE,"fas",NA,"fas"
"ship",FALSE,FALSE,TRUE,FALSE,"fas",NA,"fas"
"shipping-fast",FALSE,FALSE,TRUE,FALSE,"fas",NA,"fas"
"shirtsinbulk",TRUE,TRUE,FALSE,FALSE,"fab","fa","fab"
"shoe-prints",FALSE,FALSE,TRUE,FALSE,"fas",NA,"fas"
"shopping-bag",FALSE,FALSE,TRUE,FALSE,"fas",NA,"fas"
"shopping-basket",FALSE,FALSE,TRUE,FALSE,"fas",NA,"fas"
"shopping-cart",FALSE,FALSE,TRUE,FALSE,"fas",NA,"fas"
"shopware",FALSE,TRUE,FALSE,FALSE,"fab",NA,"fab"
"shower",FALSE,FALSE,TRUE,FALSE,"fas",NA,"fas"
"shuttle-van",FALSE,FALSE,TRUE,FALSE,"fas",NA,"fas"
"sign",FALSE,FALSE,TRUE,FALSE,"fas",NA,"fas"
"sign-in",TRUE,FALSE,FALSE,FALSE,"fa","fa",NA
"sign-in-alt",FALSE,FALSE,TRUE,FALSE,"fas",NA,"fas"
"sign-language",FALSE,FALSE,TRUE,FALSE,"fas",NA,"fas"
"sign-out",TRUE,FALSE,FALSE,FALSE,"fa","fa",NA
"sign-out-alt",FALSE,FALSE,TRUE,FALSE,"fas",NA,"fas"
"signal",FALSE,FALSE,TRUE,FALSE,"fas",NA,"fas"
"signature",FALSE,FALSE,TRUE,FALSE,"fas",NA,"fas"
"signing",TRUE,FALSE,FALSE,FALSE,"fa","fa",NA
"simplybuilt",TRUE,TRUE,FALSE,FALSE,"fab","fa","fab"
"sistrix",FALSE,TRUE,FALSE,FALSE,"fab",NA,"fab"
"sitemap",FALSE,FALSE,TRUE,FALSE,"fas",NA,"fas"
"sith",FALSE,TRUE,FALSE,FALSE,"fab",NA,"fab"
"skull",FALSE,FALSE,TRUE,FALSE,"fas",NA,"fas"
"skull-crossbones",FALSE,FALSE,TRUE,FALSE,"fas",NA,"fas"
"skyatlas",TRUE,TRUE,FALSE,FALSE,"fab","fa","fab"
"skype",TRUE,TRUE,FALSE,FALSE,"fab","fa","fab"
"slack",TRUE,TRUE,FALSE,FALSE,"fab","fa","fab"
"slack-hash",FALSE,TRUE,FALSE,FALSE,"fab",NA,"fab"
"slash",FALSE,FALSE,TRUE,FALSE,"fas",NA,"fas"
"sliders",TRUE,FALSE,FALSE,FALSE,"fa","fa",NA
"sliders-h",FALSE,FALSE,TRUE,FALSE,"fas",NA,"fas"
"slideshare",TRUE,TRUE,FALSE,FALSE,"fab","fa","fab"
"smile",FALSE,FALSE,TRUE,TRUE,"fas",NA,"fas"
"smile-beam",FALSE,FALSE,TRUE,TRUE,"fas",NA,"fas"
"smile-o",TRUE,FALSE,FALSE,FALSE,"fa","fa",NA
"smile-wink",FALSE,FALSE,TRUE,TRUE,"fas",NA,"fas"
"smoking",FALSE,FALSE,TRUE,FALSE,"fas",NA,"fas"
"smoking-ban",FALSE,FALSE,TRUE,FALSE,"fas",NA,"fas"
"snapchat",TRUE,TRUE,FALSE,FALSE,"fab","fa","fab"
"snapchat-ghost",TRUE,TRUE,FALSE,FALSE,"fab","fa","fab"
"snapchat-square",TRUE,TRUE,FALSE,FALSE,"fab","fa","fab"
"snowflake",FALSE,FALSE,TRUE,TRUE,"fas",NA,"fas"
"snowflake-o",TRUE,FALSE,FALSE,FALSE,"fa","fa",NA
"soccer-ball-o",TRUE,FALSE,FALSE,FALSE,"fa","fa",NA
"socks",FALSE,FALSE,TRUE,FALSE,"fas",NA,"fas"
"solar-panel",FALSE,FALSE,TRUE,FALSE,"fas",NA,"fas"
"sort",FALSE,FALSE,TRUE,FALSE,"fas",NA,"fas"
"sort-alpha-asc",TRUE,FALSE,FALSE,FALSE,"fa","fa",NA
"sort-alpha-desc",TRUE,FALSE,FALSE,FALSE,"fa","fa",NA
"sort-alpha-down",FALSE,FALSE,TRUE,FALSE,"fas",NA,"fas"
"sort-alpha-up",FALSE,FALSE,TRUE,FALSE,"fas",NA,"fas"
"sort-amount-asc",TRUE,FALSE,FALSE,FALSE,"fa","fa",NA
"sort-amount-desc",TRUE,FALSE,FALSE,FALSE,"fa","fa",NA
"sort-amount-down",FALSE,FALSE,TRUE,FALSE,"fas",NA,"fas"
"sort-amount-up",FALSE,FALSE,TRUE,FALSE,"fas",NA,"fas"
"sort-asc",TRUE,FALSE,FALSE,FALSE,"fa","fa",NA
"sort-desc",TRUE,FALSE,FALSE,FALSE,"fa","fa",NA
"sort-down",FALSE,FALSE,TRUE,FALSE,"fas",NA,"fas"
"sort-numeric-asc",TRUE,FALSE,FALSE,FALSE,"fa","fa",NA
"sort-numeric-desc",TRUE,FALSE,FALSE,FALSE,"fa","fa",NA
"sort-numeric-down",FALSE,FALSE,TRUE,FALSE,"fas",NA,"fas"
"sort-numeric-up",FALSE,FALSE,TRUE,FALSE,"fas",NA,"fas"
"sort-up",FALSE,FALSE,TRUE,FALSE,"fas",NA,"fas"
"soundcloud",TRUE,TRUE,FALSE,FALSE,"fab","fa","fab"
"spa",FALSE,FALSE,TRUE,FALSE,"fas",NA,"fas"
"space-shuttle",FALSE,FALSE,TRUE,FALSE,"fas",NA,"fas"
"speakap",FALSE,TRUE,FALSE,FALSE,"fab",NA,"fab"
"spider",FALSE,FALSE,TRUE,FALSE,"fas",NA,"fas"
"spinner",FALSE,FALSE,TRUE,FALSE,"fas",NA,"fas"
"splotch",FALSE,FALSE,TRUE,FALSE,"fas",NA,"fas"
"spoon",TRUE,FALSE,FALSE,FALSE,"fa","fa",NA
"spotify",TRUE,TRUE,FALSE,FALSE,"fab","fa","fab"
"spray-can",FALSE,FALSE,TRUE,FALSE,"fas",NA,"fas"
"square",FALSE,FALSE,TRUE,TRUE,"fas",NA,"fas"
"square-full",FALSE,FALSE,TRUE,FALSE,"fas",NA,"fas"
"square-o",TRUE,FALSE,FALSE,FALSE,"fa","fa",NA
"square-root-alt",FALSE,FALSE,TRUE,FALSE,"fas",NA,"fas"
"squarespace",FALSE,TRUE,FALSE,FALSE,"fab",NA,"fab"
"stack-exchange",TRUE,TRUE,FALSE,FALSE,"fab","fa","fab"
"stack-overflow",TRUE,TRUE,FALSE,FALSE,"fab","fa","fab"
"stamp",FALSE,FALSE,TRUE,FALSE,"fas",NA,"fas"
"star",FALSE,FALSE,TRUE,TRUE,"fas",NA,"fas"
"star-and-crescent",FALSE,FALSE,TRUE,FALSE,"fas",NA,"fas"
"star-half",FALSE,FALSE,TRUE,TRUE,"fas",NA,"fas"
"star-half-alt",FALSE,FALSE,TRUE,FALSE,"fas",NA,"fas"
"star-half-empty",TRUE,FALSE,FALSE,FALSE,"fa","fa",NA
"star-half-full",TRUE,FALSE,FALSE,FALSE,"fa","fa",NA
"star-half-o",TRUE,FALSE,FALSE,FALSE,"fa","fa",NA
"star-o",TRUE,FALSE,FALSE,FALSE,"fa","fa",NA
"star-of-david",FALSE,FALSE,TRUE,FALSE,"fas",NA,"fas"
"star-of-life",FALSE,FALSE,TRUE,FALSE,"fas",NA,"fas"
"staylinked",FALSE,TRUE,FALSE,FALSE,"fab",NA,"fab"
"steam",TRUE,TRUE,FALSE,FALSE,"fab","fa","fab"
"steam-square",TRUE,TRUE,FALSE,FALSE,"fab","fa","fab"
"steam-symbol",FALSE,TRUE,FALSE,FALSE,"fab",NA,"fab"
"step-backward",FALSE,FALSE,TRUE,FALSE,"fas",NA,"fas"
"step-forward",FALSE,FALSE,TRUE,FALSE,"fas",NA,"fas"
"stethoscope",FALSE,FALSE,TRUE,FALSE,"fas",NA,"fas"
"sticker-mule",FALSE,TRUE,FALSE,FALSE,"fab",NA,"fab"
"sticky-note",FALSE,FALSE,TRUE,TRUE,"fas",NA,"fas"
"sticky-note-o",TRUE,FALSE,FALSE,FALSE,"fa","fa",NA
"stop",FALSE,FALSE,TRUE,FALSE,"fas",NA,"fas"
"stop-circle",FALSE,FALSE,TRUE,TRUE,"fas",NA,"fas"
"stop-circle-o",TRUE,FALSE,FALSE,FALSE,"fa","fa",NA
"stopwatch",FALSE,FALSE,TRUE,FALSE,"fas",NA,"fas"
"store",FALSE,FALSE,TRUE,FALSE,"fas",NA,"fas"
"store-alt",FALSE,FALSE,TRUE,FALSE,"fas",NA,"fas"
"strava",FALSE,TRUE,FALSE,FALSE,"fab",NA,"fab"
"stream",FALSE,FALSE,TRUE,FALSE,"fas",NA,"fas"
"street-view",FALSE,FALSE,TRUE,FALSE,"fas",NA,"fas"
"strikethrough",FALSE,FALSE,TRUE,FALSE,"fas",NA,"fas"
"stripe",FALSE,TRUE,FALSE,FALSE,"fab",NA,"fab"
"stripe-s",FALSE,TRUE,FALSE,FALSE,"fab",NA,"fab"
"stroopwafel",FALSE,FALSE,TRUE,FALSE,"fas",NA,"fas"
"studiovinari",FALSE,TRUE,FALSE,FALSE,"fab",NA,"fab"
"stumbleupon",TRUE,TRUE,FALSE,FALSE,"fab","fa","fab"
"stumbleupon-circle",TRUE,TRUE,FALSE,FALSE,"fab","fa","fab"
"subscript",FALSE,FALSE,TRUE,FALSE,"fas",NA,"fas"
"subway",FALSE,FALSE,TRUE,FALSE,"fas",NA,"fas"
"suitcase",FALSE,FALSE,TRUE,FALSE,"fas",NA,"fas"
"suitcase-rolling",FALSE,FALSE,TRUE,FALSE,"fas",NA,"fas"
"sun",FALSE,FALSE,TRUE,TRUE,"fas",NA,"fas"
"sun-o",TRUE,FALSE,FALSE,FALSE,"fa","fa",NA
"superpowers",TRUE,TRUE,FALSE,FALSE,"fab","fa","fab"
"superscript",FALSE,FALSE,TRUE,FALSE,"fas",NA,"fas"
"supple",FALSE,TRUE,FALSE,FALSE,"fab",NA,"fab"
"support",TRUE,FALSE,FALSE,FALSE,"fa","fa",NA
"surprise",FALSE,FALSE,TRUE,TRUE,"fas",NA,"fas"
"swatchbook",FALSE,FALSE,TRUE,FALSE,"fas",NA,"fas"
"swimmer",FALSE,FALSE,TRUE,FALSE,"fas",NA,"fas"
"swimming-pool",FALSE,FALSE,TRUE,FALSE,"fas",NA,"fas"
"synagogue",FALSE,FALSE,TRUE,FALSE,"fas",NA,"fas"
"sync",FALSE,FALSE,TRUE,FALSE,"fas",NA,"fas"
"sync-alt",FALSE,FALSE,TRUE,FALSE,"fas",NA,"fas"
"syringe",FALSE,FALSE,TRUE,FALSE,"fas",NA,"fas"
"table",FALSE,FALSE,TRUE,FALSE,"fas",NA,"fas"
"table-tennis",FALSE,FALSE,TRUE,FALSE,"fas",NA,"fas"
"tablet",TRUE,FALSE,TRUE,FALSE,"fas","fa","fas"
"tablet-alt",FALSE,FALSE,TRUE,FALSE,"fas",NA,"fas"
"tablets",FALSE,FALSE,TRUE,FALSE,"fas",NA,"fas"
"tachometer",TRUE,FALSE,FALSE,FALSE,"fa","fa",NA
"tachometer-alt",FALSE,FALSE,TRUE,FALSE,"fas",NA,"fas"
"tag",FALSE,FALSE,TRUE,FALSE,"fas",NA,"fas"
"tags",FALSE,FALSE,TRUE,FALSE,"fas",NA,"fas"
"tape",FALSE,FALSE,TRUE,FALSE,"fas",NA,"fas"
"tasks",FALSE,FALSE,TRUE,FALSE,"fas",NA,"fas"
"taxi",FALSE,FALSE,TRUE,FALSE,"fas",NA,"fas"
"teamspeak",FALSE,TRUE,FALSE,FALSE,"fab",NA,"fab"
"teeth",FALSE,FALSE,TRUE,FALSE,"fas",NA,"fas"
"teeth-open",FALSE,FALSE,TRUE,FALSE,"fas",NA,"fas"
"telegram",TRUE,TRUE,FALSE,FALSE,"fab","fa","fab"
"telegram-plane",FALSE,TRUE,FALSE,FALSE,"fab",NA,"fab"
"television",TRUE,FALSE,FALSE,FALSE,"fa","fa",NA
"tencent-weibo",TRUE,TRUE,FALSE,FALSE,"fab","fa","fab"
"terminal",FALSE,FALSE,TRUE,FALSE,"fas",NA,"fas"
"text-height",FALSE,FALSE,TRUE,FALSE,"fas",NA,"fas"
"text-width",FALSE,FALSE,TRUE,FALSE,"fas",NA,"fas"
"th",FALSE,FALSE,TRUE,FALSE,"fas",NA,"fas"
"th-large",FALSE,FALSE,TRUE,FALSE,"fas",NA,"fas"
"th-list",FALSE,FALSE,TRUE,FALSE,"fas",NA,"fas"
"the-red-yeti",FALSE,TRUE,FALSE,FALSE,"fab",NA,"fab"
"theater-masks",FALSE,FALSE,TRUE,FALSE,"fas",NA,"fas"
"themeco",FALSE,TRUE,FALSE,FALSE,"fab",NA,"fab"
"themeisle",TRUE,TRUE,FALSE,FALSE,"fab","fa","fab"
"thermometer",TRUE,FALSE,TRUE,FALSE,"fas","fa","fas"
"thermometer-0",TRUE,FALSE,FALSE,FALSE,"fa","fa",NA
"thermometer-1",TRUE,FALSE,FALSE,FALSE,"fa","fa",NA
"thermometer-2",TRUE,FALSE,FALSE,FALSE,"fa","fa",NA
"thermometer-3",TRUE,FALSE,FALSE,FALSE,"fa","fa",NA
"thermometer-4",TRUE,FALSE,FALSE,FALSE,"fa","fa",NA
"thermometer-empty",FALSE,FALSE,TRUE,FALSE,"fas",NA,"fas"
"thermometer-full",FALSE,FALSE,TRUE,FALSE,"fas",NA,"fas"
"thermometer-half",FALSE,FALSE,TRUE,FALSE,"fas",NA,"fas"
"thermometer-quarter",FALSE,FALSE,TRUE,FALSE,"fas",NA,"fas"
"thermometer-three-quarters",FALSE,FALSE,TRUE,FALSE,"fas",NA,"fas"
"thumb-tack",TRUE,FALSE,FALSE,FALSE,"fa","fa",NA
"thumbs-down",FALSE,FALSE,TRUE,TRUE,"fas",NA,"fas"
"thumbs-o-down",TRUE,FALSE,FALSE,FALSE,"fa","fa",NA
"thumbs-o-up",TRUE,FALSE,FALSE,FALSE,"fa","fa",NA
"thumbs-up",FALSE,FALSE,TRUE,TRUE,"fas",NA,"fas"
"thumbtack",FALSE,FALSE,TRUE,FALSE,"fas",NA,"fas"
"ticket",TRUE,FALSE,FALSE,FALSE,"fa","fa",NA
"ticket-alt",FALSE,FALSE,TRUE,FALSE,"fas",NA,"fas"
"times",FALSE,FALSE,TRUE,FALSE,"fas",NA,"fas"
"times-circle",FALSE,FALSE,TRUE,TRUE,"fas",NA,"fas"
"times-circle-o",TRUE,FALSE,FALSE,FALSE,"fa","fa",NA
"times-rectangle",TRUE,FALSE,FALSE,FALSE,"fa","fa",NA
"times-rectangle-o",TRUE,FALSE,FALSE,FALSE,"fa","fa",NA
"tint",FALSE,FALSE,TRUE,FALSE,"fas",NA,"fas"
"tint-slash",FALSE,FALSE,TRUE,FALSE,"fas",NA,"fas"
"tired",FALSE,FALSE,TRUE,TRUE,"fas",NA,"fas"
"toggle-down",TRUE,FALSE,FALSE,FALSE,"fa","fa",NA
"toggle-left",TRUE,FALSE,FALSE,FALSE,"fa","fa",NA
"toggle-off",FALSE,FALSE,TRUE,FALSE,"fas",NA,"fas"
"toggle-on",FALSE,FALSE,TRUE,FALSE,"fas",NA,"fas"
"toggle-right",TRUE,FALSE,FALSE,FALSE,"fa","fa",NA
"toggle-up",TRUE,FALSE,FALSE,FALSE,"fa","fa",NA
"toilet-paper",FALSE,FALSE,TRUE,FALSE,"fas",NA,"fas"
"toolbox",FALSE,FALSE,TRUE,FALSE,"fas",NA,"fas"
"tooth",FALSE,FALSE,TRUE,FALSE,"fas",NA,"fas"
"torah",FALSE,FALSE,TRUE,FALSE,"fas",NA,"fas"
"torii-gate",FALSE,FALSE,TRUE,FALSE,"fas",NA,"fas"
"tractor",FALSE,FALSE,TRUE,FALSE,"fas",NA,"fas"
"trade-federation",FALSE,TRUE,FALSE,FALSE,"fab",NA,"fab"
"trademark",FALSE,FALSE,TRUE,FALSE,"fas",NA,"fas"
"traffic-light",FALSE,FALSE,TRUE,FALSE,"fas",NA,"fas"
"train",FALSE,FALSE,TRUE,FALSE,"fas",NA,"fas"
"transgender",FALSE,FALSE,TRUE,FALSE,"fas",NA,"fas"
"transgender-alt",FALSE,FALSE,TRUE,FALSE,"fas",NA,"fas"
"trash",TRUE,FALSE,TRUE,FALSE,"fas","fa","fas"
"trash-alt",FALSE,FALSE,TRUE,TRUE,"fas",NA,"fas"
"trash-o",TRUE,FALSE,FALSE,FALSE,"fa","fa",NA
"tree",FALSE,FALSE,TRUE,FALSE,"fas",NA,"fas"
"trello",TRUE,TRUE,FALSE,FALSE,"fab","fa","fab"
"tripadvisor",TRUE,TRUE,FALSE,FALSE,"fab","fa","fab"
"trophy",FALSE,FALSE,TRUE,FALSE,"fas",NA,"fas"
"truck",FALSE,FALSE,TRUE,FALSE,"fas",NA,"fas"
"truck-loading",FALSE,FALSE,TRUE,FALSE,"fas",NA,"fas"
"truck-monster",FALSE,FALSE,TRUE,FALSE,"fas",NA,"fas"
"truck-moving",FALSE,FALSE,TRUE,FALSE,"fas",NA,"fas"
"truck-pickup",FALSE,FALSE,TRUE,FALSE,"fas",NA,"fas"
"try",TRUE,FALSE,FALSE,FALSE,"fa","fa",NA
"tshirt",FALSE,FALSE,TRUE,FALSE,"fas",NA,"fas"
"tty",FALSE,FALSE,TRUE,FALSE,"fas",NA,"fas"
"tumblr",TRUE,TRUE,FALSE,FALSE,"fab","fa","fab"
"tumblr-square",TRUE,TRUE,FALSE,FALSE,"fab","fa","fab"
"turkish-lira",TRUE,FALSE,FALSE,FALSE,"fa","fa",NA
"tv",FALSE,FALSE,TRUE,FALSE,"fas",NA,"fas"
"twitch",TRUE,TRUE,FALSE,FALSE,"fab","fa","fab"
"twitter",TRUE,TRUE,FALSE,FALSE,"fab","fa","fab"
"twitter-square",TRUE,TRUE,FALSE,FALSE,"fab","fa","fab"
"typo3",FALSE,TRUE,FALSE,FALSE,"fab",NA,"fab"
"uber",FALSE,TRUE,FALSE,FALSE,"fab",NA,"fab"
"uikit",FALSE,TRUE,FALSE,FALSE,"fab",NA,"fab"
"umbrella",FALSE,FALSE,TRUE,FALSE,"fas",NA,"fas"
"umbrella-beach",FALSE,FALSE,TRUE,FALSE,"fas",NA,"fas"
"underline",FALSE,FALSE,TRUE,FALSE,"fas",NA,"fas"
"undo",FALSE,FALSE,TRUE,FALSE,"fas",NA,"fas"
"undo-alt",FALSE,FALSE,TRUE,FALSE,"fas",NA,"fas"
"uniregistry",FALSE,TRUE,FALSE,FALSE,"fab",NA,"fab"
"universal-access",FALSE,FALSE,TRUE,FALSE,"fas",NA,"fas"
"university",FALSE,FALSE,TRUE,FALSE,"fas",NA,"fas"
"unlink",FALSE,FALSE,TRUE,FALSE,"fas",NA,"fas"
"unlock",FALSE,FALSE,TRUE,FALSE,"fas",NA,"fas"
"unlock-alt",FALSE,FALSE,TRUE,FALSE,"fas",NA,"fas"
"unsorted",TRUE,FALSE,FALSE,FALSE,"fa","fa",NA
"untappd",FALSE,TRUE,FALSE,FALSE,"fab",NA,"fab"
"upload",FALSE,FALSE,TRUE,FALSE,"fas",NA,"fas"
"usb",TRUE,TRUE,FALSE,FALSE,"fab","fa","fab"
"usd",TRUE,FALSE,FALSE,FALSE,"fa","fa",NA
"user",FALSE,FALSE,TRUE,TRUE,"fas",NA,"fas"
"user-alt",FALSE,FALSE,TRUE,FALSE,"fas",NA,"fas"
"user-alt-slash",FALSE,FALSE,TRUE,FALSE,"fas",NA,"fas"
"user-astronaut",FALSE,FALSE,TRUE,FALSE,"fas",NA,"fas"
"user-check",FALSE,FALSE,TRUE,FALSE,"fas",NA,"fas"
"user-circle",FALSE,FALSE,TRUE,TRUE,"fas",NA,"fas"
"user-circle-o",TRUE,FALSE,FALSE,FALSE,"fa","fa",NA
"user-clock",FALSE,FALSE,TRUE,FALSE,"fas",NA,"fas"
"user-cog",FALSE,FALSE,TRUE,FALSE,"fas",NA,"fas"
"user-edit",FALSE,FALSE,TRUE,FALSE,"fas",NA,"fas"
"user-friends",FALSE,FALSE,TRUE,FALSE,"fas",NA,"fas"
"user-graduate",FALSE,FALSE,TRUE,FALSE,"fas",NA,"fas"
"user-injured",FALSE,FALSE,TRUE,FALSE,"fas",NA,"fas"
"user-lock",FALSE,FALSE,TRUE,FALSE,"fas",NA,"fas"
"user-md",FALSE,FALSE,TRUE,FALSE,"fas",NA,"fas"
"user-minus",FALSE,FALSE,TRUE,FALSE,"fas",NA,"fas"
"user-ninja",FALSE,FALSE,TRUE,FALSE,"fas",NA,"fas"
"user-o",TRUE,FALSE,FALSE,FALSE,"fa","fa",NA
"user-plus",FALSE,FALSE,TRUE,FALSE,"fas",NA,"fas"
"user-secret",FALSE,FALSE,TRUE,FALSE,"fas",NA,"fas"
"user-shield",FALSE,FALSE,TRUE,FALSE,"fas",NA,"fas"
"user-slash",FALSE,FALSE,TRUE,FALSE,"fas",NA,"fas"
"user-tag",FALSE,FALSE,TRUE,FALSE,"fas",NA,"fas"
"user-tie",FALSE,FALSE,TRUE,FALSE,"fas",NA,"fas"
"user-times",FALSE,FALSE,TRUE,FALSE,"fas",NA,"fas"
"users",FALSE,FALSE,TRUE,FALSE,"fas",NA,"fas"
"users-cog",FALSE,FALSE,TRUE,FALSE,"fas",NA,"fas"
"ussunnah",FALSE,TRUE,FALSE,FALSE,"fab",NA,"fab"
"utensil-spoon",FALSE,FALSE,TRUE,FALSE,"fas",NA,"fas"
"utensils",FALSE,FALSE,TRUE,FALSE,"fas",NA,"fas"
"vaadin",FALSE,TRUE,FALSE,FALSE,"fab",NA,"fab"
"vcard",TRUE,FALSE,FALSE,FALSE,"fa","fa",NA
"vcard-o",TRUE,FALSE,FALSE,FALSE,"fa","fa",NA
"vector-square",FALSE,FALSE,TRUE,FALSE,"fas",NA,"fas"
"venus",FALSE,FALSE,TRUE,FALSE,"fas",NA,"fas"
"venus-double",FALSE,FALSE,TRUE,FALSE,"fas",NA,"fas"
"venus-mars",FALSE,FALSE,TRUE,FALSE,"fas",NA,"fas"
"viacoin",TRUE,TRUE,FALSE,FALSE,"fab","fa","fab"
"viadeo",TRUE,TRUE,FALSE,FALSE,"fab","fa","fab"
"viadeo-square",TRUE,TRUE,FALSE,FALSE,"fab","fa","fab"
"vial",FALSE,FALSE,TRUE,FALSE,"fas",NA,"fas"
"vials",FALSE,FALSE,TRUE,FALSE,"fas",NA,"fas"
"viber",FALSE,TRUE,FALSE,FALSE,"fab",NA,"fab"
"video",FALSE,FALSE,TRUE,FALSE,"fas",NA,"fas"
"video-camera",TRUE,FALSE,FALSE,FALSE,"fa","fa",NA
"video-slash",FALSE,FALSE,TRUE,FALSE,"fas",NA,"fas"
"vihara",FALSE,FALSE,TRUE,FALSE,"fas",NA,"fas"
"vimeo",TRUE,TRUE,FALSE,FALSE,"fab","fa","fab"
"vimeo-square",TRUE,TRUE,FALSE,FALSE,"fab","fa","fab"
"vimeo-v",FALSE,TRUE,FALSE,FALSE,"fab",NA,"fab"
"vine",TRUE,TRUE,FALSE,FALSE,"fab","fa","fab"
"vk",TRUE,TRUE,FALSE,FALSE,"fab","fa","fab"
"vnv",FALSE,TRUE,FALSE,FALSE,"fab",NA,"fab"
"volleyball-ball",FALSE,FALSE,TRUE,FALSE,"fas",NA,"fas"
"volume-control-phone",TRUE,FALSE,FALSE,FALSE,"fa","fa",NA
"volume-down",FALSE,FALSE,TRUE,FALSE,"fas",NA,"fas"
"volume-mute",FALSE,FALSE,TRUE,FALSE,"fas",NA,"fas"
"volume-off",FALSE,FALSE,TRUE,FALSE,"fas",NA,"fas"
"volume-up",FALSE,FALSE,TRUE,FALSE,"fas",NA,"fas"
"vuejs",FALSE,TRUE,FALSE,FALSE,"fab",NA,"fab"
"walking",FALSE,FALSE,TRUE,FALSE,"fas",NA,"fas"
"wallet",FALSE,FALSE,TRUE,FALSE,"fas",NA,"fas"
"warehouse",FALSE,FALSE,TRUE,FALSE,"fas",NA,"fas"
"warning",TRUE,FALSE,FALSE,FALSE,"fa","fa",NA
"wechat",TRUE,FALSE,FALSE,FALSE,"fa","fa",NA
"weebly",FALSE,TRUE,FALSE,FALSE,"fab",NA,"fab"
"weibo",TRUE,TRUE,FALSE,FALSE,"fab","fa","fab"
"weight",FALSE,FALSE,TRUE,FALSE,"fas",NA,"fas"
"weight-hanging",FALSE,FALSE,TRUE,FALSE,"fas",NA,"fas"
"weixin",TRUE,TRUE,FALSE,FALSE,"fab","fa","fab"
"whatsapp",TRUE,TRUE,FALSE,FALSE,"fab","fa","fab"
"whatsapp-square",FALSE,TRUE,FALSE,FALSE,"fab",NA,"fab"
"wheelchair",FALSE,FALSE,TRUE,FALSE,"fas",NA,"fas"
"wheelchair-alt",TRUE,FALSE,FALSE,FALSE,"fa","fa",NA
"whmcs",FALSE,TRUE,FALSE,FALSE,"fab",NA,"fab"
"wifi",FALSE,FALSE,TRUE,FALSE,"fas",NA,"fas"
"wikipedia-w",TRUE,TRUE,FALSE,FALSE,"fab","fa","fab"
"wind",FALSE,FALSE,TRUE,FALSE,"fas",NA,"fas"
"window-close",FALSE,FALSE,TRUE,TRUE,"fas",NA,"fas"
"window-close-o",TRUE,FALSE,FALSE,FALSE,"fa","fa",NA
"window-maximize",TRUE,FALSE,TRUE,TRUE,"fas","fa","fas"
"window-minimize",FALSE,FALSE,TRUE,TRUE,"fas",NA,"fas"
"window-restore",TRUE,FALSE,TRUE,TRUE,"fas","fa","fas"
"windows",TRUE,TRUE,FALSE,FALSE,"fab","fa","fab"
"wine-bottle",FALSE,FALSE,TRUE,FALSE,"fas",NA,"fas"
"wine-glass",FALSE,FALSE,TRUE,FALSE,"fas",NA,"fas"
"wine-glass-alt",FALSE,FALSE,TRUE,FALSE,"fas",NA,"fas"
"wix",FALSE,TRUE,FALSE,FALSE,"fab",NA,"fab"
"wizards-of-the-coast",FALSE,TRUE,FALSE,FALSE,"fab",NA,"fab"
"wolf-pack-battalion",FALSE,TRUE,FALSE,FALSE,"fab",NA,"fab"
"won",TRUE,FALSE,FALSE,FALSE,"fa","fa",NA
"won-sign",FALSE,FALSE,TRUE,FALSE,"fas",NA,"fas"
"wordpress",TRUE,TRUE,FALSE,FALSE,"fab","fa","fab"
"wordpress-simple",FALSE,TRUE,FALSE,FALSE,"fab",NA,"fab"
"wpbeginner",TRUE,TRUE,FALSE,FALSE,"fab","fa","fab"
"wpexplorer",TRUE,TRUE,FALSE,FALSE,"fab","fa","fab"
"wpforms",TRUE,TRUE,FALSE,FALSE,"fab","fa","fab"
"wrench",FALSE,FALSE,TRUE,FALSE,"fas",NA,"fas"
"x-ray",FALSE,FALSE,TRUE,FALSE,"fas",NA,"fas"
"xbox",FALSE,TRUE,FALSE,FALSE,"fab",NA,"fab"
"xing",TRUE,TRUE,FALSE,FALSE,"fab","fa","fab"
"xing-square",TRUE,TRUE,FALSE,FALSE,"fab","fa","fab"
"y-combinator",TRUE,TRUE,FALSE,FALSE,"fab","fa","fab"
"y-combinator-square",TRUE,FALSE,FALSE,FALSE,"fa","fa",NA
"yahoo",TRUE,TRUE,FALSE,FALSE,"fab","fa","fab"
"yandex",FALSE,TRUE,FALSE,FALSE,"fab",NA,"fab"
"yandex-international",FALSE,TRUE,FALSE,FALSE,"fab",NA,"fab"
"yc",TRUE,FALSE,FALSE,FALSE,"fa","fa",NA
"yc-square",TRUE,FALSE,FALSE,FALSE,"fa","fa",NA
"yelp",TRUE,TRUE,FALSE,FALSE,"fab","fa","fab"
"yen",TRUE,FALSE,FALSE,FALSE,"fa","fa",NA
"yen-sign",FALSE,FALSE,TRUE,FALSE,"fas",NA,"fas"
"yin-yang",FALSE,FALSE,TRUE,FALSE,"fas",NA,"fas"
"yoast",TRUE,TRUE,FALSE,FALSE,"fab","fa","fab"
"youtube",TRUE,TRUE,FALSE,FALSE,"fab","fa","fab"
"youtube-play",TRUE,FALSE,FALSE,FALSE,"fa","fa",NA
"youtube-square",TRUE,TRUE,FALSE,FALSE,"fab","fa","fab"
"zhihu",FALSE,TRUE,FALSE,FALSE,"fab",NA,"fab"
